{"stats":{"minecraft:mined":{"twigs:tangerine_seashell":2,"minecraft:birch_leaves":3,"minecraft:moss_carpet":1,"minecraft:oak_fence":1,"minecraft:crafting_table":1,"minecraft:grass":6,"minecraft:oak_log":13,"minecraft:poppy":1,"minecraft:oak_stairs":3,"quark:hollow_oak_log":2,"minecraft:tall_grass":2,"minecraft:oak_planks":3,"twigs:opaline_seashell":1,"minecraft:potted_allium":1},"minecraft:killed":{"minecraft:skeleton":1,"minecraft:zombie":4,"alexsmobs:raccoon":1},"minecraft:crafted":{"minecraft:wooden_sword":1,"minecraft:oak_planks":52,"minecraft:stick":4,"minecraft:iron_sword":1},"minecraft:used":{"comforts:sleeping_bag_light_gray":1,"minecraft:iron_axe":2,"minecraft:melon_slice":9,"minecraft:oak_planks":10,"twigs:tangerine_seashell":1,"minecraft:wooden_sword":16,"minecraft:crafting_table":1,"minecraft:cooked_beef":1},"minecraft:picked_up":{"minecraft:allium":1,"minecraft:crafting_table":1,"minecraft:flower_pot":1,"minecraft:oak_fence":1,"quark:hollow_oak_log":2,"minecraft:oak_stairs":3,"minecraft:oak_log":13,"comforts:sleeping_bag_light_gray":1,"minecraft:moss_carpet":2,"twigs:opaline_seashell":1,"minecraft:rotten_flesh":3,"minecraft:wheat_seeds":3,"minecraft:poppy":1,"alexsmobs:raccoon_tail":1,"minecraft:oak_sapling":2,"twigs:twig":2,"delightful:green_tea_leaf":1,"minecraft:oak_planks":3,"twigs:tangerine_seashell":2,"minecraft:coal":4},"minecraft:custom":{"minecraft:time_since_rest":11098,"minecraft:interact_with_furnace":1,"minecraft:sprint_one_cm":120687,"minecraft:damage_taken":677,"minecraft:walk_one_cm":111138,"minecraft:mob_kills":6,"minecraft:drop":14,"minecraft:damage_dealt":1200,"minecraft:open_barrel":1,"minecraft:talked_to_villager":1,"minecraft:interact_with_crafting_table":6,"minecraft:fly_one_cm":155215,"minecraft:open_chest":14,"minecraft:crouch_one_cm":1317,"minecraft:play_time":49372,"minecraft:deaths":2,"minecraft:sneak_time":483,"minecraft:walk_under_water_one_cm":1392,"minecraft:boat_one_cm":62429,"minecraft:jump":720,"minecraft:damage_dealt_resisted":1,"minecraft:time_since_death":35421,"minecraft:walk_on_water_one_cm":3030,"minecraft:climb_one_cm":257,"minecraft:sleep_in_bed":1,"minecraft:total_world_time":49372,"minecraft:fall_one_cm":17025},"minecraft:killed_by":{"mowziesmobs:umvuthana_raptor":1,"minecraft:zombie":1},"minecraft:dropped":{"minecraft:poppy":1,"minecraft:moss_carpet":2,"minecraft:wheat_seeds":3,"minecraft:oak_sapling":2,"minecraft:rotten_flesh":3,"delightful:green_tea_leaf":1,"twigs:twig":2}},"DataVersion":3465}