{"stats":{"minecraft:mined":{"minecraft:grass":1,"minecraft:oak_log":7},"minecraft:picked_up":{"minecraft:wheat_seeds":2,"minecraft:oak_log":7,"minecraft:oak_sapling":2,"delightful:green_tea_leaf":1},"minecraft:custom":{"minecraft:time_since_rest":2892,"minecraft:walk_one_cm":4023,"minecraft:crouch_one_cm":83,"minecraft:play_time":7372,"minecraft:sprint_one_cm":20666,"minecraft:damage_taken":249,"minecraft:deaths":1,"minecraft:sneak_time":127,"minecraft:drop":5,"minecraft:damage_dealt_resisted":1,"minecraft:jump":96,"minecraft:damage_dealt":26,"minecraft:time_since_death":2851,"minecraft:total_world_time":7372,"minecraft:fall_one_cm":2566,"minecraft:fly_one_cm":28801},"minecraft:dropped":{"delightful:green_tea_leaf":1,"minecraft:wheat_seeds":2,"minecraft:oak_sapling":2},"minecraft:killed_by":{"mowziesmobs:umvuthana_raptor":1}},"DataVersion":3465}