{"stats":{"minecraft:mined":{"twigs:tangerine_seashell":2,"minecraft:birch_leaves":3,"minecraft:moss_carpet":1,"minecraft:oak_fence":1,"minecraft:crafting_table":1,"minecraft:grass":6,"minecraft:oak_log":13,"minecraft:oak_stairs":3,"quark:hollow_oak_log":2,"minecraft:tall_grass":2,"minecraft:oak_planks":2,"twigs:opaline_seashell":1,"minecraft:potted_allium":1},"minecraft:killed":{"minecraft:skeleton":1,"minecraft:zombie":4,"alexsmobs:raccoon":1},"minecraft:used":{"minecraft:oak_planks":3,"twigs:tangerine_seashell":1,"minecraft:wooden_sword":16,"minecraft:crafting_table":1},"minecraft:crafted":{"minecraft:wooden_sword":1,"minecraft:oak_planks":52,"minecraft:stick":4},"minecraft:picked_up":{"minecraft:allium":1,"minecraft:crafting_table":1,"minecraft:flower_pot":1,"minecraft:oak_fence":1,"quark:hollow_oak_log":2,"minecraft:oak_stairs":3,"minecraft:oak_log":13,"minecraft:moss_carpet":2,"twigs:opaline_seashell":1,"minecraft:rotten_flesh":3,"minecraft:wheat_seeds":3,"alexsmobs:raccoon_tail":1,"minecraft:oak_sapling":2,"twigs:twig":2,"delightful:green_tea_leaf":1,"minecraft:oak_planks":2,"twigs:tangerine_seashell":2,"minecraft:coal":4},"minecraft:custom":{"minecraft:time_since_rest":23450,"minecraft:interact_with_furnace":1,"minecraft:sprint_one_cm":66920,"minecraft:damage_taken":677,"minecraft:walk_one_cm":93000,"minecraft:mob_kills":6,"minecraft:drop":13,"minecraft:damage_dealt":1196,"minecraft:interact_with_crafting_table":3,"minecraft:fly_one_cm":92686,"minecraft:open_chest":3,"minecraft:crouch_one_cm":952,"minecraft:play_time":37372,"minecraft:deaths":2,"minecraft:sneak_time":320,"minecraft:jump":467,"minecraft:damage_dealt_resisted":1,"minecraft:time_since_death":23421,"minecraft:walk_on_water_one_cm":185,"minecraft:total_world_time":37372,"minecraft:fall_one_cm":11982},"minecraft:killed_by":{"mowziesmobs:umvuthana_raptor":1,"minecraft:zombie":1},"minecraft:dropped":{"minecraft:moss_carpet":2,"minecraft:wheat_seeds":3,"minecraft:oak_sapling":2,"minecraft:rotten_flesh":3,"delightful:green_tea_leaf":1,"twigs:twig":2}},"DataVersion":3465}