{"stats":{"minecraft:mined":{"minecraft:grass":6,"minecraft:acacia_log":6,"minecraft:tall_grass":1,"minecraft:crafting_table":2},"minecraft:used":{"minecraft:wooden_sword":45,"minecraft:crafting_table":2,"minecraft:red_bed":1,"minecraft:bread":3,"alexsmobs:animal_dictionary":2},"minecraft:crafted":{"minecraft:wooden_sword":1,"minecraft:acacia_planks":24,"minecraft:crafting_table":1,"minecraft:stick":4,"minecraft:wooden_pickaxe":1},"minecraft:picked_up":{"minecraft:crafting_table":2,"alexsmobs:acacia_blossom":3,"minecraft:acacia_log":7,"minecraft:acacia_sapling":4,"minecraft:red_bed":1},"minecraft:custom":{"minecraft:time_since_rest":3875,"minecraft:open_chest":8,"minecraft:crouch_one_cm":290,"minecraft:play_time":22863,"minecraft:sprint_one_cm":17331,"minecraft:damage_taken":240,"minecraft:walk_one_cm":28563,"minecraft:sneak_time":85,"minecraft:drop":1,"minecraft:jump":137,"minecraft:damage_dealt":423,"minecraft:leave_game":2,"minecraft:time_since_death":22863,"minecraft:sleep_in_bed":5,"minecraft:total_world_time":22863,"minecraft:interact_with_crafting_table":3,"minecraft:fall_one_cm":5779,"minecraft:fly_one_cm":23061},"minecraft:dropped":{"minecraft:acacia_log":1}},"DataVersion":3465}