{"stats":{"minecraft:custom":{"minecraft:mob_kills":19,"minecraft:interact_with_crafting_table":19,"minecraft:open_barrel":1,"goblintraders:trade_with_goblin":14,"minecraft:leave_game":4,"minecraft:time_since_death":215141,"minecraft:climb_one_cm":10153,"minecraft:sprint_one_cm":532868,"minecraft:walk_one_cm":470575,"minecraft:drop":80,"minecraft:talked_to_villager":7,"minecraft:play_time":256617,"minecraft:deaths":1,"minecraft:sneak_time":2389,"minecraft:walk_under_water_one_cm":13717,"minecraft:interact_with_lectern":2,"minecraft:boat_one_cm":155558,"minecraft:jump":3958,"minecraft:interact_with_brewingstand":1,"minecraft:walk_on_water_one_cm":28373,"minecraft:total_world_time":256617,"minecraft:interact_with_furnace":21,"minecraft:interact_with_cartography_table":1,"minecraft:sleep_in_bed":14,"minecraft:time_since_rest":6689,"minecraft:damage_taken":3268,"minecraft:damage_dealt":3428,"twilightforest:life_charms_activated":1,"minecraft:swim_one_cm":41201,"minecraft:fly_one_cm":739070,"minecraft:open_chest":72,"minecraft:crouch_one_cm":6246,"minecraft:interact_with_smoker":12,"minecraft:fall_one_cm":135242},"minecraft:broken":{"minecraft:iron_shovel":1,"minecraft:wooden_sword":1,"minecraft:iron_pickaxe":1},"minecraft:mined":{"minecraft:dark_oak_planks":10,"minecraft:diamond_ore":1,"minecraft:tuff":4,"minecraft:mossy_cobblestone":7,"minecraft:deepslate_diamond_ore":1,"minecraft:oak_door":1,"minecraft:jungle_leaves":1,"minecraft:dark_oak_log":37,"minecraft:glow_lichen":1,"minecraft:ladder":1,"minecraft:dark_oak_fence":2,"minecraft:acacia_log":16,"minecraft:grass_block":339,"minecraft:chiseled_stone_bricks":4,"minecraft:spawner":1,"minecraft:iron_ore":4,"minecraft:snow":16,"minecraft:andesite":5,"minecraft:deepslate_lapis_ore":1,"minecraft:gold_block":1,"minecraft:vine":1,"minecraft:deepslate_iron_ore":9,"minecraft:stone":74,"minecraft:spruce_slab":1,"minecraft:redstone_wall_torch":1,"minecraft:deepslate_redstone_ore":4,"minecraft:acacia_leaves":1,"minecraft:glass_pane":1,"minecraft:red_bed":2,"minecraft:stone_brick_slab":1,"minecraft:crafting_table":2,"minecraft:poppy":1,"minecraft:melon":4,"minecraft:dead_bush":2,"minecraft:tall_grass":4,"minecraft:cobblestone":23,"biomesoplenty:sprout":10,"farmersdelight:wild_tomatoes":7,"minecraft:lapis_ore":4,"supplementaries:urn":1,"minecraft:coarse_dirt":2,"minecraft:dark_oak_slab":1,"minecraft:birch_leaves":4,"minecraft:light_gray_wool":7,"minecraft:stone_brick_stairs":2,"minecraft:grass":27,"minecraft:oak_log":7,"minecraft:coal_ore":18,"minecraft:dirt":28,"minecraft:cobweb":17,"minecraft:cracked_stone_bricks":2,"minecraft:acacia_planks":2,"minecraft:stone_bricks":40,"minecraft:fern":2,"minecraft:oak_leaves":12,"minecraft:deepslate":18},"minecraft:killed":{"minecraft:spider":3,"minecraft:skeleton":5,"minecraft:wandering_trader":1,"minecraft:creeper":1,"minecraft:pillager":2,"minecraft:zombie":4,"minecraft:cow":3},"minecraft:crafted":{"minecraft:wooden_sword":1,"minecraft:dark_oak_boat":1,"minecraft:furnace":2,"minecraft:iron_axe":1,"minecraft:dark_oak_planks":80,"minecraft:cooked_beef":2,"minecraft:cooked_cod":11,"minecraft:cooked_porkchop":5,"minecraft:crafting_table":3,"minecraft:wooden_pickaxe":1,"minecraft:cooked_salmon":27,"minecraft:air":0,"minecraft:stick":12,"minecraft:iron_ingot":40,"minecraft:iron_pickaxe":2,"minecraft:wooden_axe":1,"minecraft:acacia_planks":24},"minecraft:dropped":{"farmersdelight:tomato_seeds":4,"minecraft:iron_ingot":4,"minecraft:bread":2,"minecraft:wheat_seeds":26,"blue_skies:lunar_stonebrick":12,"minecraft:glow_ink_sac":2,"minecraft:crafting_table":1,"minecraft:iron_helmet":1,"minecraft:dark_oak_slab":1,"minecraft:prismarine_shard":2,"biomesoplenty:mahogany_planks":28,"minecraft:cracked_stone_bricks":2,"minecraft:acacia_log":1,"minecraft:item_frame":1,"minecraft:dirt":1,"minecraft:red_bed":1,"minecraft:torch":4,"minecraft:dark_oak_fence":2,"minecraft:iron_leggings":1,"minecraft:writable_book":1,"minecraft:pumpkin":1,"minecraft:prismarine_slab":1,"minecraft:bucket":1,"minecraft:acacia_planks":2,"minecraft:armor_stand":2,"minecraft:gravel":68,"blue_skies:turquoise_stonebrick":12,"minecraft:kelp":1,"alexsmobs:acacia_blossom":4,"minecraft:coarse_dirt":3,"minecraft:cobbled_deepslate":2,"minecraft:black_carpet":4,"minecraft:iron_boots":1,"minecraft:oak_sign":4,"minecraft:poppy":1,"minecraft:leather_chestplate":1,"supplementaries:flax_seeds":5,"minecraft:orange_terracotta":2,"minecraft:iron_chestplate":1,"minecraft:beetroot_seeds":5,"minecraft:leather_boots":2,"minecraft:ladder":10,"minecraft:brown_carpet":5,"minecraft:bow":1,"minecraft:stone_brick_stairs":1},"minecraft:used":{"minecraft:writable_book":1,"minecraft:iron_shovel":372,"minecraft:spruce_slab":1,"minecraft:iron_sword":35,"minecraft:torch":1,"minecraft:dirt":6,"minecraft:tuff":4,"minecraft:milk_bucket":1,"minecraft:dark_oak_planks":71,"minecraft:wooden_axe":34,"farmersdelight:tomato":3,"minecraft:iron_axe":127,"minecraft:bow":4,"minecraft:dark_oak_boat":3,"minecraft:furnace":2,"minecraft:goat_horn":1,"minecraft:cooked_cod":2,"minecraft:acacia_planks":2,"minecraft:cooked_beef":2,"minecraft:cobbled_deepslate":17,"minecraft:water_bucket":10,"minecraft:leather_chestplate":1,"minecraft:crafting_table":4,"minecraft:red_bed":4,"minecraft:bread":69,"minecraft:iron_pickaxe":234,"minecraft:wooden_sword":68,"minecraft:cobblestone":66,"minecraft:bucket":10,"minecraft:andesite":5,"alexsmobs:animal_dictionary":2,"delightful:acorn":1,"minecraft:experience_bottle":2},"minecraft:picked_up":{"minecraft:iron_chestplate":3,"minecraft:crafting_table":2,"minecraft:coarse_dirt":2,"minecraft:black_carpet":4,"illagerinvasion:platinum_chunk":1,"minecraft:ladder":10,"blue_skies:blue_journal":1,"minecraft:lead":7,"minecraft:gold_block":1,"minecraft:stone_brick_stairs":2,"spawnersplus:spawner_fragment":1,"minecraft:shield":1,"minecraft:red_bed":4,"minecraft:string":15,"minecraft:iron_axe":2,"minecraft:armor_stand":2,"minecraft:iron_leggings":3,"minecraft:item_frame":1,"minecraft:iron_shovel":1,"minecraft:cracked_stone_bricks":3,"minecraft:cobbled_deepslate":19,"minecraft:bucket":1,"delightful:acorn":1,"twigs:pebble":4,"minecraft:beef":3,"minecraft:iron_pickaxe":1,"minecraft:poppy":1,"minecraft:spruce_slab":1,"minecraft:light_gray_wool":6,"minecraft:melon_slice":19,"delightful:green_tea_leaf":2,"minecraft:iron_boots":3,"minecraft:stick":4,"minecraft:raw_iron":14,"minecraft:torch":6,"minecraft:acacia_log":17,"farmersdelight:tomato_seeds":6,"minecraft:diorite":12,"minecraft:dark_oak_planks":10,"minecraft:brown_carpet":5,"minecraft:arrow":11,"minecraft:rotten_flesh":1,"minecraft:beetroot_seeds":5,"minecraft:oak_chest_boat":1,"minecraft:gold_ingot":1,"minecraft:snowball":15,"minecraft:cobblestone":111,"minecraft:glow_ink_sac":2,"minecraft:andesite":5,"minecraft:leather":4,"minecraft:dark_oak_boat":2,"alexsmobs:acacia_blossom":4,"minecraft:flint":3,"minecraft:tuff":4,"minecraft:oak_log":8,"minecraft:cobblestone_stairs":1,"minecraft:lapis_lazuli":31,"farmersdelight:tomato":3,"minecraft:dirt":335,"minecraft:bone":8,"minecraft:acacia_planks":2,"minecraft:apple":1,"minecraft:stone_bricks":27,"minecraft:kelp":1,"minecraft:bow":2,"minecraft:wheat_seeds":26,"blue_skies:lunar_stonebrick":12,"minecraft:iron_ingot":3,"twigs:twig":2,"biomesoplenty:mahogany_planks":28,"minecraft:iron_sword":1,"minecraft:acacia_sapling":7,"minecraft:milk_bucket":1,"minecraft:dark_oak_slab":1,"minecraft:chiseled_stone_bricks":1,"minecraft:stone_brick_slab":1,"minecraft:gravel":68,"minecraft:ink_sac":2,"minecraft:spider_eye":1,"minecraft:dark_oak_log":35,"minecraft:mossy_cobblestone":5,"minecraft:iron_hoe":1,"minecraft:diamond":3,"minecraft:iron_helmet":3,"blue_skies:turquoise_stonebrick":12,"minecraft:mossy_cobblestone_stairs":1,"minecraft:grass":2,"minecraft:golden_apple":1,"minecraft:bread":43,"minecraft:emerald":11,"minecraft:oak_sapling":6,"minecraft:dark_oak_fence":2,"minecraft:coal":18}},"DataVersion":3465}