{"stats":{"minecraft:mined":{"minecraft:dark_oak_planks":10,"minecraft:diamond_ore":1,"minecraft:tuff":4,"minecraft:mossy_cobblestone":7,"minecraft:deepslate_diamond_ore":1,"minecraft:oak_door":1,"minecraft:jungle_leaves":1,"minecraft:dark_oak_log":37,"minecraft:glow_lichen":1,"minecraft:ladder":1,"minecraft:dark_oak_fence":2,"minecraft:acacia_log":16,"minecraft:grass_block":339,"minecraft:chiseled_stone_bricks":4,"minecraft:spawner":1,"minecraft:iron_ore":4,"minecraft:snow":16,"minecraft:andesite":5,"minecraft:deepslate_lapis_ore":1,"minecraft:gold_block":1,"minecraft:vine":1,"minecraft:deepslate_iron_ore":9,"minecraft:stone":78,"minecraft:spruce_slab":1,"minecraft:redstone_wall_torch":1,"minecraft:deepslate_redstone_ore":4,"minecraft:acacia_leaves":1,"minecraft:glass_pane":1,"minecraft:red_bed":2,"minecraft:stone_brick_slab":1,"minecraft:crafting_table":2,"minecraft:poppy":1,"minecraft:melon":4,"minecraft:dead_bush":2,"minecraft:tall_grass":4,"minecraft:cobblestone":23,"biomesoplenty:sprout":10,"minecraft:lapis_ore":4,"farmersdelight:wild_tomatoes":7,"supplementaries:urn":1,"minecraft:coarse_dirt":2,"minecraft:dark_oak_slab":1,"minecraft:birch_leaves":4,"minecraft:light_gray_wool":7,"minecraft:stone_brick_stairs":2,"minecraft:grass":27,"minecraft:oak_log":7,"minecraft:coal_ore":18,"minecraft:dirt":28,"minecraft:cobweb":17,"minecraft:acacia_planks":2,"minecraft:cracked_stone_bricks":2,"minecraft:stone_bricks":40,"minecraft:oak_leaves":12,"minecraft:deepslate":18,"minecraft:fern":2},"minecraft:killed":{"minecraft:spider":7,"minecraft:skeleton":7,"minecraft:wandering_trader":1,"minecraft:creeper":6,"minecraft:pillager":2,"minecraft:zombie":9,"minecraft:cow":3},"minecraft:broken":{"minecraft:iron_shovel":1,"minecraft:wooden_sword":1,"minecraft:iron_pickaxe":1},"minecraft:used":{"minecraft:writable_book":1,"minecraft:iron_shovel":372,"minecraft:spruce_slab":1,"minecraft:iron_sword":58,"minecraft:torch":53,"minecraft:dirt":6,"minecraft:tuff":4,"minecraft:milk_bucket":1,"minecraft:dark_oak_planks":71,"minecraft:wooden_axe":34,"farmersdelight:tomato":3,"minecraft:iron_axe":132,"minecraft:bow":26,"minecraft:dark_oak_boat":3,"minecraft:goat_horn":1,"minecraft:furnace":2,"minecraft:cooked_cod":2,"minecraft:cooked_beef":2,"minecraft:acacia_planks":2,"minecraft:cobbled_deepslate":17,"comforts:sleeping_bag_light_gray":1,"minecraft:water_bucket":10,"minecraft:leather_chestplate":1,"minecraft:crafting_table":4,"minecraft:red_bed":4,"minecraft:bread":80,"minecraft:iron_pickaxe":238,"minecraft:wooden_sword":68,"quark:dark_oak_chest":2,"minecraft:cobblestone":75,"minecraft:bucket":10,"minecraft:andesite":5,"alexsmobs:animal_dictionary":2,"delightful:acorn":1,"minecraft:experience_bottle":2},"minecraft:crafted":{"minecraft:wooden_sword":1,"minecraft:dark_oak_boat":1,"minecraft:furnace":2,"quark:dark_oak_chest":2,"minecraft:iron_axe":1,"minecraft:dark_oak_planks":96,"minecraft:cooked_beef":2,"minecraft:cooked_cod":11,"minecraft:cooked_porkchop":5,"minecraft:crafting_table":3,"minecraft:wooden_pickaxe":1,"minecraft:cooked_salmon":27,"comforts:sleeping_bag_light_gray":2,"minecraft:air":0,"minecraft:stick":12,"minecraft:iron_ingot":40,"minecraft:iron_pickaxe":2,"minecraft:wooden_axe":1,"minecraft:acacia_planks":24,"minecraft:torch":24},"minecraft:picked_up":{"minecraft:black_carpet":4,"minecraft:crafting_table":2,"minecraft:iron_chestplate":4,"minecraft:coarse_dirt":2,"illagerinvasion:platinum_chunk":1,"minecraft:ladder":10,"blue_skies:blue_journal":1,"minecraft:lead":7,"minecraft:gold_block":1,"minecraft:stone_brick_stairs":2,"spawnersplus:spawner_fragment":1,"minecraft:shield":1,"minecraft:string":15,"minecraft:red_bed":4,"minecraft:iron_axe":2,"minecraft:item_frame":1,"minecraft:iron_leggings":4,"minecraft:armor_stand":2,"minecraft:iron_shovel":1,"minecraft:cracked_stone_bricks":3,"minecraft:cobbled_deepslate":19,"minecraft:bucket":1,"twigs:pebble":4,"delightful:acorn":1,"minecraft:beef":3,"minecraft:spruce_slab":1,"minecraft:poppy":1,"minecraft:iron_pickaxe":1,"minecraft:light_gray_wool":6,"minecraft:melon_slice":19,"delightful:green_tea_leaf":2,"minecraft:iron_boots":4,"minecraft:stick":4,"minecraft:raw_iron":14,"minecraft:torch":6,"minecraft:acacia_log":17,"farmersdelight:tomato_seeds":6,"minecraft:diorite":12,"minecraft:dark_oak_planks":10,"minecraft:brown_carpet":5,"minecraft:arrow":13,"minecraft:rotten_flesh":1,"minecraft:beetroot_seeds":5,"minecraft:gold_ingot":1,"minecraft:oak_chest_boat":1,"minecraft:snowball":17,"minecraft:cobblestone":115,"minecraft:glow_ink_sac":2,"minecraft:andesite":5,"minecraft:leather":4,"minecraft:dark_oak_boat":3,"alexsmobs:acacia_blossom":4,"minecraft:flint":3,"minecraft:tuff":4,"minecraft:oak_log":8,"minecraft:cobblestone_stairs":1,"minecraft:lapis_lazuli":31,"farmersdelight:tomato":3,"minecraft:dirt":335,"comforts:sleeping_bag_light_gray":1,"minecraft:bone":10,"minecraft:acacia_planks":2,"minecraft:apple":1,"minecraft:stone_bricks":27,"minecraft:kelp":1,"minecraft:bow":2,"minecraft:wheat_seeds":26,"blue_skies:lunar_stonebrick":12,"minecraft:iron_ingot":3,"twigs:twig":2,"minecraft:iron_sword":1,"minecraft:acacia_sapling":7,"biomesoplenty:mahogany_planks":28,"minecraft:dark_oak_slab":1,"minecraft:milk_bucket":1,"minecraft:chiseled_stone_bricks":1,"minecraft:stone_brick_slab":1,"minecraft:gravel":68,"minecraft:ink_sac":2,"minecraft:dark_oak_log":35,"minecraft:spider_eye":1,"minecraft:mossy_cobblestone":5,"minecraft:iron_hoe":1,"minecraft:diamond":3,"minecraft:iron_helmet":4,"minecraft:grass":2,"blue_skies:turquoise_stonebrick":12,"minecraft:golden_apple":1,"minecraft:mossy_cobblestone_stairs":1,"minecraft:bread":43,"minecraft:emerald":11,"minecraft:oak_sapling":6,"minecraft:dark_oak_fence":2,"minecraft:coal":18},"minecraft:custom":{"minecraft:mob_kills":35,"minecraft:interact_with_crafting_table":28,"minecraft:open_barrel":1,"goblintraders:trade_with_goblin":14,"minecraft:leave_game":4,"minecraft:time_since_death":244814,"minecraft:climb_one_cm":10153,"minecraft:sprint_one_cm":641808,"minecraft:walk_one_cm":516639,"minecraft:drop":81,"minecraft:talked_to_villager":7,"minecraft:play_time":286290,"minecraft:deaths":1,"minecraft:sneak_time":2425,"minecraft:walk_under_water_one_cm":14100,"minecraft:boat_one_cm":155558,"minecraft:interact_with_lectern":2,"minecraft:jump":4749,"minecraft:interact_with_brewingstand":1,"minecraft:walk_on_water_one_cm":32556,"minecraft:total_world_time":286290,"minecraft:interact_with_furnace":21,"minecraft:interact_with_cartography_table":1,"minecraft:sleep_in_bed":16,"minecraft:time_since_rest":3404,"minecraft:damage_taken":3540,"minecraft:damage_dealt":4748,"twilightforest:life_charms_activated":1,"minecraft:fly_one_cm":944009,"minecraft:swim_one_cm":41651,"minecraft:open_chest":92,"minecraft:crouch_one_cm":6409,"minecraft:interact_with_smoker":12,"minecraft:fall_one_cm":154399},"minecraft:dropped":{"farmersdelight:tomato_seeds":4,"minecraft:bread":2,"minecraft:iron_ingot":4,"minecraft:wheat_seeds":26,"blue_skies:lunar_stonebrick":12,"minecraft:glow_ink_sac":2,"minecraft:crafting_table":1,"minecraft:prismarine_shard":2,"minecraft:iron_helmet":1,"minecraft:dark_oak_slab":1,"biomesoplenty:mahogany_planks":28,"minecraft:cracked_stone_bricks":2,"minecraft:acacia_log":1,"minecraft:item_frame":1,"minecraft:dirt":1,"minecraft:red_bed":1,"minecraft:dark_oak_fence":2,"minecraft:torch":4,"minecraft:snowball":1,"minecraft:iron_leggings":1,"minecraft:writable_book":1,"minecraft:pumpkin":1,"minecraft:prismarine_slab":1,"minecraft:bucket":1,"minecraft:acacia_planks":2,"minecraft:armor_stand":2,"minecraft:gravel":68,"blue_skies:turquoise_stonebrick":12,"minecraft:kelp":1,"alexsmobs:acacia_blossom":4,"minecraft:coarse_dirt":3,"minecraft:cobbled_deepslate":2,"minecraft:black_carpet":4,"minecraft:iron_boots":1,"minecraft:oak_sign":4,"minecraft:poppy":1,"minecraft:leather_chestplate":1,"supplementaries:flax_seeds":5,"minecraft:orange_terracotta":2,"minecraft:iron_chestplate":1,"minecraft:beetroot_seeds":5,"minecraft:ladder":10,"minecraft:leather_boots":2,"minecraft:brown_carpet":5,"minecraft:bow":1,"minecraft:stone_brick_stairs":1}},"DataVersion":3465}