{"stats":{"minecraft:custom":{"minecraft:mob_kills":16,"minecraft:interact_with_crafting_table":19,"minecraft:open_barrel":1,"goblintraders:trade_with_goblin":14,"minecraft:leave_game":4,"minecraft:time_since_death":161141,"minecraft:climb_one_cm":8675,"minecraft:sprint_one_cm":350395,"minecraft:walk_one_cm":350022,"minecraft:drop":52,"minecraft:talked_to_villager":7,"minecraft:play_time":202617,"minecraft:deaths":1,"minecraft:sneak_time":1281,"minecraft:walk_under_water_one_cm":12993,"minecraft:boat_one_cm":155558,"minecraft:jump":2400,"minecraft:interact_with_brewingstand":1,"minecraft:walk_on_water_one_cm":22206,"minecraft:total_world_time":202617,"minecraft:interact_with_furnace":20,"minecraft:interact_with_cartography_table":1,"minecraft:sleep_in_bed":12,"minecraft:time_since_rest":5974,"minecraft:damage_taken":2257,"minecraft:damage_dealt":2818,"twilightforest:life_charms_activated":1,"minecraft:swim_one_cm":35258,"minecraft:fly_one_cm":393846,"minecraft:open_chest":64,"minecraft:crouch_one_cm":1766,"minecraft:interact_with_smoker":12,"minecraft:fall_one_cm":78128},"minecraft:broken":{"minecraft:wooden_sword":1,"minecraft:iron_pickaxe":1},"minecraft:mined":{"minecraft:dark_oak_planks":10,"minecraft:tuff":4,"minecraft:mossy_cobblestone":2,"minecraft:deepslate_diamond_ore":1,"minecraft:jungle_leaves":1,"minecraft:dark_oak_log":37,"minecraft:glow_lichen":1,"minecraft:ladder":1,"minecraft:dark_oak_fence":2,"minecraft:acacia_log":16,"minecraft:grass_block":11,"minecraft:chiseled_stone_bricks":4,"minecraft:iron_ore":4,"minecraft:andesite":5,"minecraft:deepslate_lapis_ore":1,"minecraft:gold_block":1,"minecraft:vine":1,"minecraft:deepslate_iron_ore":9,"minecraft:stone":74,"minecraft:spruce_slab":1,"minecraft:redstone_wall_torch":1,"minecraft:deepslate_redstone_ore":4,"minecraft:acacia_leaves":1,"minecraft:red_bed":1,"minecraft:stone_brick_slab":1,"minecraft:crafting_table":2,"minecraft:poppy":1,"minecraft:melon":4,"minecraft:dead_bush":2,"minecraft:tall_grass":3,"minecraft:cobblestone":16,"farmersdelight:wild_tomatoes":7,"minecraft:lapis_ore":4,"supplementaries:urn":1,"minecraft:coarse_dirt":2,"minecraft:dark_oak_slab":1,"minecraft:birch_leaves":4,"minecraft:light_gray_wool":7,"minecraft:stone_brick_stairs":2,"minecraft:grass":20,"minecraft:oak_log":7,"minecraft:coal_ore":18,"minecraft:dirt":8,"minecraft:cracked_stone_bricks":2,"minecraft:acacia_planks":2,"minecraft:stone_bricks":40,"minecraft:deepslate":18},"minecraft:killed":{"minecraft:spider":1,"minecraft:skeleton":4,"minecraft:wandering_trader":1,"minecraft:creeper":1,"minecraft:pillager":2,"minecraft:zombie":4,"minecraft:cow":3},"minecraft:crafted":{"minecraft:wooden_sword":1,"minecraft:dark_oak_boat":1,"minecraft:furnace":2,"minecraft:iron_axe":1,"minecraft:dark_oak_planks":80,"minecraft:cooked_beef":2,"minecraft:cooked_cod":11,"minecraft:cooked_porkchop":5,"minecraft:crafting_table":3,"minecraft:wooden_pickaxe":1,"minecraft:cooked_salmon":27,"minecraft:air":0,"minecraft:stick":12,"minecraft:iron_ingot":40,"minecraft:iron_pickaxe":2,"minecraft:wooden_axe":1,"minecraft:acacia_planks":24},"minecraft:dropped":{"farmersdelight:tomato_seeds":4,"minecraft:iron_ingot":4,"minecraft:bread":2,"minecraft:wheat_seeds":10,"minecraft:glow_ink_sac":2,"minecraft:crafting_table":1,"minecraft:dark_oak_slab":1,"minecraft:prismarine_shard":2,"minecraft:cracked_stone_bricks":2,"minecraft:acacia_log":1,"minecraft:dirt":1,"minecraft:red_bed":1,"minecraft:torch":4,"minecraft:dark_oak_fence":2,"minecraft:writable_book":1,"minecraft:pumpkin":1,"minecraft:prismarine_slab":1,"minecraft:bucket":1,"minecraft:acacia_planks":2,"minecraft:gravel":34,"minecraft:kelp":1,"alexsmobs:acacia_blossom":4,"minecraft:coarse_dirt":3,"minecraft:cobbled_deepslate":2,"minecraft:black_carpet":4,"minecraft:oak_sign":4,"minecraft:poppy":1,"minecraft:leather_chestplate":1,"supplementaries:flax_seeds":5,"minecraft:orange_terracotta":2,"minecraft:beetroot_seeds":5,"minecraft:leather_boots":2,"minecraft:ladder":10,"minecraft:bow":1,"minecraft:stone_brick_stairs":1},"minecraft:used":{"minecraft:writable_book":1,"minecraft:spruce_slab":1,"minecraft:torch":1,"minecraft:tuff":4,"minecraft:milk_bucket":1,"minecraft:dark_oak_planks":71,"minecraft:wooden_axe":34,"farmersdelight:tomato":3,"minecraft:iron_axe":110,"minecraft:bow":4,"minecraft:dark_oak_boat":3,"minecraft:furnace":2,"minecraft:goat_horn":1,"minecraft:cooked_cod":2,"minecraft:acacia_planks":2,"minecraft:cooked_beef":2,"minecraft:cobbled_deepslate":17,"minecraft:water_bucket":6,"minecraft:leather_chestplate":1,"minecraft:crafting_table":4,"minecraft:red_bed":2,"minecraft:bread":41,"minecraft:iron_pickaxe":220,"minecraft:wooden_sword":68,"minecraft:cobblestone":48,"minecraft:bucket":6,"minecraft:andesite":5,"alexsmobs:animal_dictionary":2,"delightful:acorn":1,"minecraft:experience_bottle":2},"minecraft:picked_up":{"minecraft:iron_chestplate":1,"minecraft:crafting_table":2,"minecraft:coarse_dirt":2,"minecraft:black_carpet":4,"illagerinvasion:platinum_chunk":1,"minecraft:ladder":10,"blue_skies:blue_journal":1,"minecraft:lead":6,"minecraft:gold_block":1,"minecraft:stone_brick_stairs":2,"minecraft:shield":1,"minecraft:red_bed":3,"minecraft:string":2,"minecraft:iron_axe":1,"minecraft:iron_leggings":1,"minecraft:cracked_stone_bricks":2,"minecraft:cobbled_deepslate":19,"minecraft:bucket":1,"delightful:acorn":1,"twigs:pebble":4,"minecraft:beef":3,"minecraft:poppy":1,"minecraft:spruce_slab":1,"minecraft:light_gray_wool":6,"minecraft:melon_slice":19,"delightful:green_tea_leaf":2,"minecraft:iron_boots":1,"minecraft:stick":4,"minecraft:raw_iron":14,"minecraft:torch":6,"minecraft:acacia_log":17,"farmersdelight:tomato_seeds":6,"minecraft:diorite":12,"minecraft:dark_oak_planks":10,"minecraft:arrow":10,"minecraft:rotten_flesh":1,"minecraft:beetroot_seeds":5,"minecraft:cobblestone":110,"minecraft:glow_ink_sac":2,"minecraft:andesite":5,"minecraft:leather":4,"minecraft:dark_oak_boat":2,"alexsmobs:acacia_blossom":4,"minecraft:flint":3,"minecraft:tuff":4,"minecraft:oak_log":7,"minecraft:lapis_lazuli":31,"farmersdelight:tomato":3,"minecraft:dirt":28,"minecraft:bone":8,"minecraft:acacia_planks":2,"minecraft:stone_bricks":27,"minecraft:kelp":1,"minecraft:bow":1,"minecraft:wheat_seeds":8,"minecraft:iron_ingot":2,"twigs:twig":2,"minecraft:acacia_sapling":7,"minecraft:milk_bucket":1,"minecraft:dark_oak_slab":1,"minecraft:chiseled_stone_bricks":1,"minecraft:stone_brick_slab":1,"minecraft:gravel":34,"minecraft:ink_sac":2,"minecraft:dark_oak_log":35,"minecraft:diamond":1,"minecraft:iron_helmet":1,"minecraft:bread":43,"minecraft:emerald":10,"minecraft:oak_sapling":6,"minecraft:dark_oak_fence":2,"minecraft:coal":18}},"DataVersion":3465}