{"stats":{"minecraft:mined":{"minecraft:acacia_log":6},"minecraft:picked_up":{"alexsmobs:acacia_blossom":3,"minecraft:acacia_sapling":4,"minecraft:acacia_log":7,"minecraft:red_bed":1},"minecraft:custom":{"minecraft:jump":94,"minecraft:open_chest":1,"minecraft:time_since_rest":10863,"minecraft:damage_dealt":10,"minecraft:crouch_one_cm":156,"minecraft:leave_game":2,"minecraft:sprint_one_cm":16098,"minecraft:play_time":10863,"minecraft:damage_taken":70,"minecraft:time_since_death":10863,"minecraft:walk_one_cm":17083,"minecraft:sneak_time":63,"minecraft:total_world_time":10863,"minecraft:drop":1,"minecraft:fall_one_cm":4539,"minecraft:fly_one_cm":21725},"minecraft:dropped":{"minecraft:acacia_log":1}},"DataVersion":3465}