{"stats":{"minecraft:custom":{"minecraft:interact_with_furnace":19,"minecraft:mob_kills":9,"minecraft:interact_with_cartography_table":1,"minecraft:interact_with_crafting_table":17,"minecraft:leave_game":4,"minecraft:time_since_death":89141,"minecraft:sleep_in_bed":7,"minecraft:climb_one_cm":4801,"minecraft:time_since_rest":9387,"minecraft:sprint_one_cm":213830,"minecraft:damage_taken":1432,"minecraft:walk_one_cm":213134,"minecraft:drop":31,"minecraft:damage_dealt":1738,"twilightforest:life_charms_activated":1,"minecraft:swim_one_cm":29405,"minecraft:talked_to_villager":2,"minecraft:fly_one_cm":192981,"minecraft:open_chest":50,"minecraft:crouch_one_cm":464,"minecraft:play_time":130617,"minecraft:deaths":1,"minecraft:sneak_time":169,"minecraft:walk_under_water_one_cm":6331,"minecraft:boat_one_cm":155464,"minecraft:jump":1164,"minecraft:interact_with_brewingstand":1,"minecraft:walk_on_water_one_cm":11196,"minecraft:total_world_time":130617,"minecraft:interact_with_smoker":12,"minecraft:fall_one_cm":39608},"minecraft:broken":{"minecraft:wooden_sword":1},"minecraft:mined":{"minecraft:dark_oak_planks":10,"minecraft:dark_oak_log":37,"minecraft:glow_lichen":1,"minecraft:crafting_table":2,"minecraft:ladder":1,"minecraft:dark_oak_fence":2,"minecraft:acacia_log":16,"minecraft:grass_block":3,"minecraft:poppy":1,"minecraft:dead_bush":2,"minecraft:tall_grass":3,"minecraft:cobblestone":16,"farmersdelight:wild_tomatoes":7,"minecraft:coarse_dirt":1,"minecraft:dark_oak_slab":1,"minecraft:light_gray_wool":7,"minecraft:grass":18,"minecraft:coal_ore":18,"minecraft:oak_log":7,"minecraft:dirt":4,"minecraft:acacia_planks":2,"minecraft:stone":7,"minecraft:spruce_slab":1},"minecraft:killed":{"minecraft:spider":1,"minecraft:creeper":1,"minecraft:skeleton":2,"minecraft:zombie":2,"minecraft:cow":3},"minecraft:crafted":{"minecraft:cooked_beef":2,"minecraft:wooden_sword":1,"minecraft:cooked_cod":11,"minecraft:cooked_porkchop":5,"minecraft:dark_oak_boat":1,"minecraft:crafting_table":3,"minecraft:wooden_pickaxe":1,"minecraft:furnace":2,"minecraft:cooked_salmon":27,"minecraft:air":0,"minecraft:iron_axe":1,"minecraft:stick":12,"minecraft:iron_ingot":12,"minecraft:iron_pickaxe":1,"minecraft:wooden_axe":1,"minecraft:acacia_planks":24,"minecraft:dark_oak_planks":80},"minecraft:dropped":{"farmersdelight:tomato_seeds":4,"minecraft:bread":1,"minecraft:iron_ingot":4,"minecraft:kelp":1,"minecraft:wheat_seeds":4,"alexsmobs:acacia_blossom":4,"minecraft:coarse_dirt":2,"minecraft:black_carpet":4,"minecraft:crafting_table":1,"minecraft:prismarine_shard":2,"minecraft:dark_oak_slab":1,"minecraft:oak_sign":4,"minecraft:acacia_log":1,"supplementaries:flax_seeds":5,"minecraft:poppy":1,"minecraft:orange_terracotta":2,"minecraft:dark_oak_fence":2,"minecraft:beetroot_seeds":5,"minecraft:leather_boots":1,"minecraft:ladder":10,"minecraft:writable_book":1,"minecraft:pumpkin":1,"minecraft:prismarine_slab":1,"minecraft:acacia_planks":2},"minecraft:used":{"minecraft:water_bucket":4,"minecraft:writable_book":1,"minecraft:spruce_slab":1,"minecraft:leather_chestplate":1,"minecraft:torch":1,"minecraft:crafting_table":4,"minecraft:red_bed":1,"minecraft:wooden_axe":34,"minecraft:dark_oak_planks":71,"farmersdelight:tomato":3,"minecraft:iron_axe":80,"minecraft:bread":19,"minecraft:iron_pickaxe":42,"minecraft:wooden_sword":68,"minecraft:dark_oak_boat":1,"minecraft:cooked_cod":2,"minecraft:goat_horn":1,"minecraft:furnace":2,"minecraft:bucket":4,"alexsmobs:animal_dictionary":2,"minecraft:cooked_beef":2,"minecraft:acacia_planks":2,"delightful:acorn":1,"minecraft:experience_bottle":2},"minecraft:picked_up":{"minecraft:coarse_dirt":1,"minecraft:black_carpet":4,"minecraft:crafting_table":2,"minecraft:glow_ink_sac":2,"minecraft:ladder":10,"minecraft:leather":4,"minecraft:dark_oak_boat":1,"alexsmobs:acacia_blossom":4,"minecraft:oak_log":7,"farmersdelight:tomato":3,"minecraft:string":2,"minecraft:dirt":6,"minecraft:red_bed":1,"minecraft:iron_axe":1,"minecraft:bone":4,"minecraft:acacia_planks":2,"minecraft:kelp":1,"minecraft:bow":1,"minecraft:wheat_seeds":2,"minecraft:bucket":1,"twigs:pebble":1,"delightful:acorn":1,"minecraft:iron_ingot":2,"minecraft:beef":3,"minecraft:poppy":1,"minecraft:light_gray_wool":6,"minecraft:spruce_slab":1,"twigs:twig":2,"delightful:green_tea_leaf":2,"minecraft:acacia_sapling":7,"minecraft:stick":2,"minecraft:dark_oak_slab":1,"minecraft:torch":2,"minecraft:acacia_log":17,"farmersdelight:tomato_seeds":6,"minecraft:ink_sac":2,"minecraft:dark_oak_log":35,"minecraft:dark_oak_planks":9,"minecraft:arrow":4,"minecraft:beetroot_seeds":5,"minecraft:bread":42,"minecraft:oak_sapling":6,"minecraft:dark_oak_fence":2,"minecraft:coal":18,"minecraft:cobblestone":22}},"DataVersion":3465}