{"stats":{"minecraft:mined":{"minecraft:dark_oak_planks":1,"minecraft:dark_oak_log":11,"minecraft:crafting_table":2,"minecraft:dark_oak_fence":1,"minecraft:acacia_log":16,"minecraft:poppy":1,"minecraft:dead_bush":2,"minecraft:tall_grass":3,"farmersdelight:wild_tomatoes":7,"minecraft:light_gray_wool":7,"minecraft:grass":12,"minecraft:oak_log":7,"minecraft:stone":5,"minecraft:spruce_slab":1},"minecraft:broken":{"minecraft:wooden_sword":1},"minecraft:killed":{"minecraft:spider":1,"minecraft:skeleton":2,"minecraft:zombie":1,"minecraft:cow":3},"minecraft:used":{"minecraft:spruce_slab":1,"minecraft:crafting_table":3,"minecraft:red_bed":1,"minecraft:dark_oak_planks":9,"minecraft:wooden_axe":34,"farmersdelight:tomato":3,"minecraft:iron_axe":27,"minecraft:bread":3,"minecraft:iron_pickaxe":5,"minecraft:wooden_sword":68,"minecraft:furnace":1,"alexsmobs:animal_dictionary":2,"minecraft:cooked_beef":2,"delightful:acorn":1},"minecraft:crafted":{"minecraft:cooked_beef":2,"minecraft:wooden_sword":1,"minecraft:crafting_table":1,"minecraft:wooden_pickaxe":1,"minecraft:furnace":1,"minecraft:stick":8,"minecraft:iron_ingot":5,"minecraft:iron_pickaxe":1,"minecraft:wooden_axe":1,"minecraft:acacia_planks":24,"minecraft:dark_oak_planks":20},"minecraft:picked_up":{"minecraft:crafting_table":2,"minecraft:leather":4,"alexsmobs:acacia_blossom":4,"minecraft:oak_log":7,"farmersdelight:tomato":3,"minecraft:string":2,"minecraft:red_bed":1,"minecraft:iron_axe":1,"minecraft:bone":2,"minecraft:wheat_seeds":1,"minecraft:bucket":1,"delightful:acorn":1,"minecraft:iron_ingot":2,"minecraft:beef":3,"minecraft:poppy":1,"minecraft:spruce_slab":1,"minecraft:light_gray_wool":6,"twigs:twig":2,"delightful:green_tea_leaf":2,"minecraft:acacia_sapling":7,"minecraft:stick":2,"minecraft:acacia_log":17,"farmersdelight:tomato_seeds":6,"minecraft:dark_oak_log":10,"minecraft:arrow":2,"minecraft:oak_sapling":6,"minecraft:dark_oak_fence":1,"minecraft:cobblestone":5},"minecraft:custom":{"minecraft:interact_with_furnace":15,"minecraft:mob_kills":7,"minecraft:interact_with_crafting_table":13,"minecraft:leave_game":3,"minecraft:time_since_death":4327,"minecraft:sleep_in_bed":5,"minecraft:climb_one_cm":1356,"minecraft:time_since_rest":4394,"minecraft:sprint_one_cm":98961,"minecraft:damage_taken":765,"minecraft:walk_one_cm":94305,"minecraft:drop":5,"minecraft:damage_dealt":1155,"twilightforest:life_charms_activated":1,"minecraft:swim_one_cm":26171,"minecraft:fly_one_cm":124358,"minecraft:open_chest":12,"minecraft:crouch_one_cm":290,"minecraft:play_time":45803,"minecraft:deaths":1,"minecraft:sneak_time":85,"minecraft:walk_under_water_one_cm":1351,"minecraft:jump":641,"minecraft:walk_on_water_one_cm":2829,"minecraft:total_world_time":45803,"minecraft:fall_one_cm":22813},"minecraft:dropped":{"minecraft:iron_ingot":4,"minecraft:acacia_log":1,"minecraft:poppy":1}},"DataVersion":3465}