{"stats":{"minecraft:killed":{"minecraft:skeleton":1},"minecraft:mined":{"minecraft:grass":14,"minecraft:sand":2},"minecraft:dropped":{"minecraft:wheat_seeds":5},"minecraft:picked_up":{"minecraft:sand":2,"minecraft:wheat_seeds":5},"minecraft:used":{"minecraft:sand":2},"minecraft:custom":{"minecraft:jump":167,"minecraft:time_since_rest":9879,"minecraft:damage_dealt":137,"minecraft:crouch_one_cm":77,"minecraft:sprint_one_cm":46454,"minecraft:play_time":9879,"minecraft:damage_taken":20,"minecraft:time_since_death":9879,"minecraft:walk_one_cm":4281,"minecraft:sneak_time":8,"minecraft:total_world_time":9879,"minecraft:mob_kills":1,"minecraft:drop":5,"minecraft:fall_one_cm":7440,"minecraft:fly_one_cm":71596}},"DataVersion":3465}