{"stats":{"minecraft:custom":{"minecraft:interact_with_furnace":15,"minecraft:mob_kills":9,"minecraft:interact_with_cartography_table":1,"minecraft:interact_with_crafting_table":15,"minecraft:leave_game":4,"minecraft:time_since_death":77141,"minecraft:sleep_in_bed":6,"minecraft:climb_one_cm":3970,"minecraft:time_since_rest":8861,"minecraft:sprint_one_cm":177379,"minecraft:damage_taken":1365,"minecraft:walk_one_cm":189206,"minecraft:drop":30,"minecraft:damage_dealt":1634,"twilightforest:life_charms_activated":1,"minecraft:swim_one_cm":27127,"minecraft:talked_to_villager":2,"minecraft:fly_one_cm":165234,"minecraft:open_chest":39,"minecraft:crouch_one_cm":464,"minecraft:play_time":118617,"minecraft:deaths":1,"minecraft:sneak_time":169,"minecraft:walk_under_water_one_cm":5536,"minecraft:boat_one_cm":155464,"minecraft:jump":996,"minecraft:interact_with_brewingstand":1,"minecraft:walk_on_water_one_cm":8017,"minecraft:total_world_time":118617,"minecraft:interact_with_smoker":11,"minecraft:fall_one_cm":34329},"minecraft:broken":{"minecraft:wooden_sword":1},"minecraft:mined":{"minecraft:dark_oak_planks":10,"minecraft:dark_oak_log":37,"minecraft:crafting_table":2,"minecraft:ladder":1,"minecraft:dark_oak_fence":2,"minecraft:acacia_log":16,"minecraft:grass_block":3,"minecraft:poppy":1,"minecraft:dead_bush":2,"minecraft:tall_grass":3,"minecraft:cobblestone":16,"farmersdelight:wild_tomatoes":7,"minecraft:coarse_dirt":1,"minecraft:dark_oak_slab":1,"minecraft:light_gray_wool":7,"minecraft:grass":18,"minecraft:oak_log":7,"minecraft:dirt":4,"minecraft:acacia_planks":2,"minecraft:stone":5,"minecraft:spruce_slab":1},"minecraft:killed":{"minecraft:spider":1,"minecraft:creeper":1,"minecraft:skeleton":2,"minecraft:zombie":2,"minecraft:cow":3},"minecraft:crafted":{"minecraft:cooked_beef":2,"minecraft:wooden_sword":1,"minecraft:cooked_cod":11,"minecraft:cooked_porkchop":5,"minecraft:dark_oak_boat":1,"minecraft:crafting_table":2,"minecraft:wooden_pickaxe":1,"minecraft:furnace":2,"minecraft:cooked_salmon":27,"minecraft:air":0,"minecraft:stick":8,"minecraft:iron_ingot":5,"minecraft:iron_pickaxe":1,"minecraft:wooden_axe":1,"minecraft:acacia_planks":24,"minecraft:dark_oak_planks":80},"minecraft:dropped":{"farmersdelight:tomato_seeds":4,"minecraft:bread":1,"minecraft:iron_ingot":4,"minecraft:kelp":1,"minecraft:wheat_seeds":4,"alexsmobs:acacia_blossom":4,"minecraft:coarse_dirt":2,"minecraft:black_carpet":4,"minecraft:prismarine_shard":2,"minecraft:dark_oak_slab":1,"minecraft:oak_sign":4,"minecraft:acacia_log":1,"supplementaries:flax_seeds":5,"minecraft:poppy":1,"minecraft:orange_terracotta":2,"minecraft:dark_oak_fence":2,"minecraft:beetroot_seeds":5,"minecraft:leather_boots":1,"minecraft:ladder":10,"minecraft:writable_book":1,"minecraft:pumpkin":1,"minecraft:prismarine_slab":1,"minecraft:acacia_planks":2},"minecraft:used":{"minecraft:water_bucket":2,"minecraft:writable_book":1,"minecraft:spruce_slab":1,"minecraft:leather_chestplate":1,"minecraft:torch":1,"minecraft:crafting_table":4,"minecraft:red_bed":1,"minecraft:wooden_axe":34,"minecraft:dark_oak_planks":71,"farmersdelight:tomato":3,"minecraft:iron_axe":78,"minecraft:bread":17,"minecraft:iron_pickaxe":21,"minecraft:wooden_sword":68,"minecraft:dark_oak_boat":1,"minecraft:cooked_cod":2,"minecraft:goat_horn":1,"minecraft:furnace":1,"minecraft:bucket":2,"alexsmobs:animal_dictionary":2,"minecraft:cooked_beef":2,"minecraft:acacia_planks":2,"delightful:acorn":1},"minecraft:picked_up":{"minecraft:coarse_dirt":1,"minecraft:black_carpet":4,"minecraft:crafting_table":2,"minecraft:ladder":10,"minecraft:leather":4,"minecraft:dark_oak_boat":1,"alexsmobs:acacia_blossom":4,"minecraft:oak_log":7,"farmersdelight:tomato":3,"minecraft:string":2,"minecraft:dirt":6,"minecraft:red_bed":1,"minecraft:iron_axe":1,"minecraft:bone":2,"minecraft:acacia_planks":2,"minecraft:kelp":1,"minecraft:wheat_seeds":1,"minecraft:bucket":1,"twigs:pebble":1,"delightful:acorn":1,"minecraft:iron_ingot":2,"minecraft:beef":3,"minecraft:poppy":1,"minecraft:light_gray_wool":6,"minecraft:spruce_slab":1,"twigs:twig":2,"delightful:green_tea_leaf":2,"minecraft:acacia_sapling":7,"minecraft:stick":2,"minecraft:dark_oak_slab":1,"minecraft:torch":2,"minecraft:acacia_log":17,"farmersdelight:tomato_seeds":6,"minecraft:ink_sac":2,"minecraft:dark_oak_log":35,"minecraft:dark_oak_planks":9,"minecraft:arrow":2,"minecraft:beetroot_seeds":5,"minecraft:bread":42,"minecraft:oak_sapling":6,"minecraft:dark_oak_fence":2,"minecraft:cobblestone":20}},"DataVersion":3465}