{"stats":{"minecraft:mined":{"minecraft:crafting_table":2,"minecraft:grass":12,"minecraft:acacia_log":16,"minecraft:oak_log":7,"minecraft:poppy":1,"minecraft:dead_bush":2,"minecraft:tall_grass":3,"minecraft:stone":5,"farmersdelight:wild_tomatoes":7},"minecraft:broken":{"minecraft:wooden_sword":1},"minecraft:killed":{"minecraft:skeleton":2,"minecraft:zombie":1,"minecraft:spider":1,"minecraft:cow":3},"minecraft:used":{"minecraft:wooden_axe":34,"farmersdelight:tomato":3,"minecraft:iron_axe":7,"minecraft:bread":3,"minecraft:iron_pickaxe":5,"minecraft:wooden_sword":68,"minecraft:crafting_table":3,"minecraft:furnace":1,"minecraft:red_bed":1,"alexsmobs:animal_dictionary":2,"minecraft:cooked_beef":2,"delightful:acorn":1},"minecraft:crafted":{"minecraft:cooked_beef":2,"minecraft:wooden_sword":1,"minecraft:crafting_table":1,"minecraft:stick":8,"minecraft:iron_ingot":5,"minecraft:wooden_pickaxe":1,"minecraft:iron_pickaxe":1,"minecraft:wooden_axe":1,"minecraft:furnace":1,"minecraft:acacia_planks":24},"minecraft:picked_up":{"minecraft:stick":2,"minecraft:crafting_table":2,"minecraft:leather":4,"alexsmobs:acacia_blossom":4,"minecraft:acacia_log":17,"farmersdelight:tomato_seeds":6,"minecraft:oak_log":7,"minecraft:string":2,"farmersdelight:tomato":3,"minecraft:red_bed":1,"minecraft:iron_axe":1,"minecraft:bone":2,"minecraft:arrow":2,"minecraft:wheat_seeds":1,"minecraft:bucket":1,"delightful:acorn":1,"minecraft:iron_ingot":2,"minecraft:beef":3,"minecraft:poppy":1,"minecraft:oak_sapling":6,"twigs:twig":2,"delightful:green_tea_leaf":2,"minecraft:acacia_sapling":7,"minecraft:cobblestone":5},"minecraft:custom":{"minecraft:time_since_rest":20600,"minecraft:interact_with_furnace":15,"minecraft:sprint_one_cm":72782,"minecraft:damage_taken":475,"minecraft:walk_one_cm":86924,"minecraft:mob_kills":7,"minecraft:drop":5,"minecraft:damage_dealt":1155,"twilightforest:life_charms_activated":1,"minecraft:interact_with_crafting_table":13,"minecraft:fly_one_cm":79095,"minecraft:open_chest":12,"minecraft:crouch_one_cm":290,"minecraft:play_time":39588,"minecraft:sneak_time":85,"minecraft:jump":468,"minecraft:leave_game":3,"minecraft:time_since_death":39588,"minecraft:sleep_in_bed":5,"minecraft:total_world_time":39588,"minecraft:climb_one_cm":516,"minecraft:fall_one_cm":16681},"minecraft:dropped":{"minecraft:iron_ingot":4,"minecraft:poppy":1,"minecraft:acacia_log":1}},"DataVersion":3465}