{"stats":{"minecraft:custom":{"minecraft:interact_with_furnace":20,"minecraft:mob_kills":9,"minecraft:interact_with_cartography_table":1,"minecraft:interact_with_crafting_table":17,"minecraft:leave_game":4,"minecraft:time_since_death":101141,"minecraft:sleep_in_bed":7,"minecraft:climb_one_cm":4801,"minecraft:time_since_rest":21387,"minecraft:sprint_one_cm":218789,"minecraft:damage_taken":1687,"minecraft:walk_one_cm":235750,"minecraft:drop":32,"minecraft:damage_dealt":1888,"twilightforest:life_charms_activated":1,"minecraft:swim_one_cm":29405,"minecraft:talked_to_villager":2,"minecraft:fly_one_cm":197832,"minecraft:open_chest":50,"minecraft:crouch_one_cm":1281,"minecraft:play_time":142617,"minecraft:deaths":1,"minecraft:sneak_time":748,"minecraft:walk_under_water_one_cm":10627,"minecraft:boat_one_cm":155464,"minecraft:jump":1270,"minecraft:interact_with_brewingstand":1,"minecraft:walk_on_water_one_cm":16409,"minecraft:total_world_time":142617,"minecraft:interact_with_smoker":12,"minecraft:fall_one_cm":44914},"minecraft:broken":{"minecraft:wooden_sword":1},"minecraft:mined":{"minecraft:dark_oak_planks":10,"minecraft:deepslate_diamond_ore":1,"minecraft:dark_oak_log":37,"minecraft:glow_lichen":1,"minecraft:crafting_table":2,"minecraft:ladder":1,"minecraft:dark_oak_fence":2,"minecraft:acacia_log":16,"minecraft:grass_block":3,"minecraft:poppy":1,"minecraft:dead_bush":2,"minecraft:tall_grass":3,"minecraft:cobblestone":16,"minecraft:lapis_ore":4,"farmersdelight:wild_tomatoes":7,"supplementaries:urn":1,"minecraft:coarse_dirt":1,"minecraft:dark_oak_slab":1,"minecraft:iron_ore":4,"minecraft:light_gray_wool":7,"minecraft:deepslate_lapis_ore":1,"minecraft:grass":18,"minecraft:coal_ore":18,"minecraft:oak_log":7,"minecraft:deepslate_iron_ore":1,"minecraft:dirt":4,"minecraft:acacia_planks":2,"minecraft:stone":24,"minecraft:deepslate":13,"minecraft:spruce_slab":1,"minecraft:deepslate_redstone_ore":1},"minecraft:killed":{"minecraft:spider":1,"minecraft:creeper":1,"minecraft:skeleton":2,"minecraft:zombie":2,"minecraft:cow":3},"minecraft:crafted":{"minecraft:cooked_beef":2,"minecraft:wooden_sword":1,"minecraft:cooked_cod":11,"minecraft:cooked_porkchop":5,"minecraft:dark_oak_boat":1,"minecraft:crafting_table":3,"minecraft:wooden_pickaxe":1,"minecraft:furnace":2,"minecraft:cooked_salmon":27,"minecraft:air":0,"minecraft:iron_axe":1,"minecraft:stick":12,"minecraft:iron_ingot":12,"minecraft:iron_pickaxe":1,"minecraft:wooden_axe":1,"minecraft:acacia_planks":24,"minecraft:dark_oak_planks":80},"minecraft:dropped":{"farmersdelight:tomato_seeds":4,"minecraft:bread":1,"minecraft:iron_ingot":4,"minecraft:kelp":1,"minecraft:wheat_seeds":4,"alexsmobs:acacia_blossom":4,"minecraft:coarse_dirt":2,"minecraft:black_carpet":4,"minecraft:crafting_table":1,"minecraft:prismarine_shard":2,"minecraft:dark_oak_slab":1,"minecraft:oak_sign":4,"minecraft:acacia_log":1,"supplementaries:flax_seeds":5,"minecraft:poppy":1,"minecraft:orange_terracotta":2,"minecraft:dark_oak_fence":2,"minecraft:beetroot_seeds":5,"minecraft:leather_boots":1,"minecraft:ladder":10,"minecraft:writable_book":1,"minecraft:pumpkin":1,"minecraft:bow":1,"minecraft:prismarine_slab":1,"minecraft:acacia_planks":2},"minecraft:used":{"minecraft:water_bucket":4,"minecraft:writable_book":1,"minecraft:spruce_slab":1,"minecraft:leather_chestplate":1,"minecraft:torch":1,"minecraft:crafting_table":4,"minecraft:red_bed":1,"minecraft:wooden_axe":34,"minecraft:dark_oak_planks":71,"farmersdelight:tomato":3,"minecraft:iron_axe":85,"minecraft:bread":24,"minecraft:iron_pickaxe":85,"minecraft:wooden_sword":68,"minecraft:dark_oak_boat":1,"minecraft:cooked_cod":2,"minecraft:goat_horn":1,"minecraft:furnace":2,"minecraft:bucket":4,"alexsmobs:animal_dictionary":2,"minecraft:cooked_beef":2,"minecraft:acacia_planks":2,"delightful:acorn":1,"minecraft:experience_bottle":2},"minecraft:picked_up":{"minecraft:coarse_dirt":1,"minecraft:black_carpet":4,"minecraft:crafting_table":2,"minecraft:glow_ink_sac":2,"minecraft:ladder":10,"minecraft:leather":4,"minecraft:dark_oak_boat":1,"alexsmobs:acacia_blossom":4,"minecraft:oak_log":7,"minecraft:lapis_lazuli":31,"farmersdelight:tomato":3,"minecraft:string":2,"minecraft:dirt":6,"minecraft:red_bed":1,"minecraft:iron_axe":1,"minecraft:bone":4,"minecraft:acacia_planks":2,"minecraft:kelp":1,"minecraft:bow":1,"minecraft:wheat_seeds":2,"minecraft:cobbled_deepslate":10,"minecraft:bucket":1,"twigs:pebble":1,"delightful:acorn":1,"minecraft:iron_ingot":2,"minecraft:beef":3,"minecraft:poppy":1,"minecraft:light_gray_wool":6,"minecraft:spruce_slab":1,"twigs:twig":2,"delightful:green_tea_leaf":2,"minecraft:acacia_sapling":7,"minecraft:raw_iron":6,"minecraft:stick":2,"minecraft:dark_oak_slab":1,"minecraft:torch":2,"minecraft:acacia_log":17,"farmersdelight:tomato_seeds":6,"minecraft:ink_sac":2,"minecraft:dark_oak_log":35,"minecraft:dark_oak_planks":9,"minecraft:arrow":4,"minecraft:diamond":1,"minecraft:beetroot_seeds":5,"minecraft:emerald":3,"minecraft:bread":42,"minecraft:oak_sapling":6,"minecraft:dark_oak_fence":2,"minecraft:coal":18,"minecraft:cobblestone":38}},"DataVersion":3465}