{"stats":{"minecraft:mined":{"minecraft:dark_oak_planks":4,"minecraft:dark_oak_log":37,"minecraft:crafting_table":2,"minecraft:ladder":1,"minecraft:dark_oak_fence":2,"minecraft:acacia_log":16,"minecraft:poppy":1,"minecraft:dead_bush":2,"minecraft:tall_grass":3,"farmersdelight:wild_tomatoes":7,"minecraft:dark_oak_slab":1,"minecraft:light_gray_wool":7,"minecraft:grass":12,"minecraft:oak_log":7,"minecraft:acacia_planks":2,"minecraft:stone":5,"minecraft:spruce_slab":1},"minecraft:broken":{"minecraft:wooden_sword":1},"minecraft:killed":{"minecraft:spider":1,"minecraft:skeleton":2,"minecraft:zombie":1,"minecraft:cow":3},"minecraft:used":{"minecraft:water_bucket":2,"minecraft:writable_book":1,"minecraft:spruce_slab":1,"minecraft:crafting_table":3,"minecraft:red_bed":1,"minecraft:dark_oak_planks":31,"minecraft:wooden_axe":34,"farmersdelight:tomato":3,"minecraft:iron_axe":61,"minecraft:bread":9,"minecraft:iron_pickaxe":5,"minecraft:wooden_sword":68,"minecraft:dark_oak_boat":1,"minecraft:furnace":1,"minecraft:bucket":2,"alexsmobs:animal_dictionary":2,"minecraft:cooked_beef":2,"minecraft:acacia_planks":2,"delightful:acorn":1},"minecraft:crafted":{"minecraft:cooked_beef":2,"minecraft:wooden_sword":1,"minecraft:dark_oak_boat":1,"minecraft:crafting_table":1,"minecraft:wooden_pickaxe":1,"minecraft:furnace":1,"minecraft:stick":8,"minecraft:iron_ingot":5,"minecraft:iron_pickaxe":1,"minecraft:wooden_axe":1,"minecraft:acacia_planks":24,"minecraft:dark_oak_planks":80},"minecraft:picked_up":{"minecraft:black_carpet":4,"minecraft:crafting_table":2,"minecraft:ladder":10,"minecraft:leather":4,"alexsmobs:acacia_blossom":4,"minecraft:oak_log":7,"farmersdelight:tomato":3,"minecraft:string":2,"minecraft:red_bed":1,"minecraft:iron_axe":1,"minecraft:bone":2,"minecraft:acacia_planks":2,"minecraft:wheat_seeds":1,"minecraft:bucket":1,"delightful:acorn":1,"minecraft:iron_ingot":2,"minecraft:beef":3,"minecraft:poppy":1,"minecraft:spruce_slab":1,"minecraft:light_gray_wool":6,"twigs:twig":2,"delightful:green_tea_leaf":2,"minecraft:acacia_sapling":7,"minecraft:dark_oak_slab":1,"minecraft:stick":2,"minecraft:torch":2,"minecraft:acacia_log":17,"farmersdelight:tomato_seeds":6,"minecraft:dark_oak_log":35,"minecraft:dark_oak_planks":3,"minecraft:arrow":2,"minecraft:beetroot_seeds":5,"minecraft:bread":41,"minecraft:oak_sapling":6,"minecraft:dark_oak_fence":2,"minecraft:cobblestone":5},"minecraft:custom":{"minecraft:interact_with_furnace":15,"minecraft:mob_kills":7,"minecraft:interact_with_cartography_table":1,"minecraft:interact_with_crafting_table":14,"minecraft:leave_game":3,"minecraft:time_since_death":16327,"minecraft:sleep_in_bed":5,"minecraft:climb_one_cm":2327,"minecraft:time_since_rest":16394,"minecraft:sprint_one_cm":101310,"minecraft:damage_taken":985,"minecraft:walk_one_cm":108940,"minecraft:drop":13,"minecraft:damage_dealt":1155,"twilightforest:life_charms_activated":1,"minecraft:swim_one_cm":26171,"minecraft:fly_one_cm":124518,"minecraft:open_chest":15,"minecraft:crouch_one_cm":458,"minecraft:play_time":57803,"minecraft:deaths":1,"minecraft:sneak_time":168,"minecraft:walk_under_water_one_cm":4465,"minecraft:boat_one_cm":28995,"minecraft:jump":751,"minecraft:walk_on_water_one_cm":4810,"minecraft:total_world_time":57803,"minecraft:fall_one_cm":26547},"minecraft:dropped":{"farmersdelight:tomato_seeds":4,"minecraft:iron_ingot":4,"minecraft:black_carpet":4,"minecraft:dark_oak_slab":1,"minecraft:acacia_log":1,"minecraft:poppy":1,"minecraft:ladder":5,"minecraft:writable_book":1}},"DataVersion":3465}