{"stats":{"minecraft:mined":{"minecraft:grass":6,"minecraft:oak_log":5,"minecraft:coarse_dirt":4,"minecraft:acacia_leaves":1,"minecraft:red_bed":1,"minecraft:tall_grass":1},"minecraft:killed":{"alexsmobs:fly":1,"alexsmobs:crow":1},"minecraft:used":{"minecraft:iron_axe":2,"minecraft:coarse_dirt":3},"minecraft:picked_up":{"minecraft:coarse_dirt":3,"minecraft:wheat_seeds":1,"minecraft:oak_log":5,"alexsmobs:maggot":1,"minecraft:oak_sapling":3,"delightful:green_tea_leaf":1},"minecraft:custom":{"minecraft:time_since_rest":13796,"minecraft:open_chest":2,"minecraft:crouch_one_cm":4,"minecraft:damage_taken":10,"minecraft:play_time":13796,"minecraft:sprint_one_cm":29449,"minecraft:walk_one_cm":12395,"minecraft:sneak_time":5,"minecraft:mob_kills":2,"minecraft:drop":1,"minecraft:jump":277,"minecraft:damage_dealt":120,"minecraft:leave_game":2,"minecraft:walk_on_water_one_cm":1279,"minecraft:time_since_death":13796,"minecraft:total_world_time":13796,"minecraft:fall_one_cm":8383,"minecraft:fly_one_cm":88431},"minecraft:dropped":{"minecraft:wheat_seeds":1}},"DataVersion":3465}