{"stats":{"minecraft:killed_by":{"minecraft:creeper":1},"minecraft:custom":{"minecraft:interact_with_smithing_table":2,"minecraft:mob_kills":25,"minecraft:interact_with_crafting_table":19,"minecraft:open_barrel":14,"goblintraders:trade_with_goblin":18,"minecraft:leave_game":3,"minecraft:time_since_death":91804,"minecraft:climb_one_cm":3792,"minecraft:sprint_one_cm":284757,"minecraft:walk_one_cm":262236,"minecraft:drop":50,"minecraft:play_noteblock":2,"minecraft:talked_to_villager":12,"minecraft:play_time":158020,"minecraft:deaths":1,"minecraft:sneak_time":14525,"minecraft:walk_under_water_one_cm":28347,"minecraft:boat_one_cm":310103,"minecraft:jump":2516,"minecraft:walk_on_water_one_cm":42780,"minecraft:total_world_time":158020,"minecraft:interact_with_furnace":39,"minecraft:traded_with_villager":2,"minecraft:tune_noteblock":1,"minecraft:interact_with_grindstone":1,"minecraft:sleep_in_bed":4,"minecraft:time_since_rest":5974,"minecraft:damage_taken":1514,"minecraft:damage_dealt":3484,"minecraft:swim_one_cm":12837,"minecraft:fly_one_cm":491920,"minecraft:open_chest":35,"minecraft:crouch_one_cm":43606,"minecraft:interact_with_smoker":8,"minecraft:fall_one_cm":67778},"minecraft:broken":{"minecraft:stone_pickaxe":1,"minecraft:iron_axe":1,"minecraft:iron_pickaxe":1},"minecraft:mined":{"minecraft:dark_oak_planks":6,"minecraft:dark_prismarine":1,"minecraft:diamond_ore":1,"minecraft:stone_pressure_plate":4,"minecraft:spruce_planks":2,"minecraft:bamboo_fence":2,"minecraft:jungle_leaves":1,"minecraft:dark_oak_log":10,"minecraft:granite":11,"minecraft:acacia_log":3,"minecraft:grass_block":15,"minecraft:spruce_fence":9,"minecraft:redstone_wire":7,"minecraft:spruce_leaves":2,"minecraft:kelp":2,"minecraft:chiseled_stone_bricks":3,"minecraft:large_fern":1,"minecraft:hay_block":42,"minecraft:furnace":2,"minecraft:iron_ore":42,"minecraft:sticky_piston":4,"minecraft:cobbled_deepslate":1,"minecraft:acacia_wood":2,"minecraft:pumpkin":4,"minecraft:fletching_table":1,"minecraft:stripped_dark_oak_wood":9,"diagonalfences:minecraft/spruce_fence":3,"minecraft:bookshelf":2,"minecraft:deepslate_iron_ore":16,"minecraft:vine":5,"minecraft:stone":166,"minecraft:white_wool":2,"minecraft:smithing_table":2,"minecraft:deepslate_redstone_ore":9,"minecraft:acacia_leaves":1,"minecraft:red_bed":7,"minecraft:smoker":1,"minecraft:dandelion":1,"minecraft:crafting_table":4,"minecraft:torch":6,"delightful:pumpkin_pie":1,"minecraft:emerald_ore":2,"minecraft:melon":5,"minecraft:copper_ore":2,"minecraft:tall_grass":8,"minecraft:cobblestone":9,"biomesoplenty:sprout":2,"minecraft:deepslate_gold_ore":7,"minecraft:lapis_ore":2,"minecraft:prismarine":2,"minecraft:oak_planks":7,"minecraft:wall_torch":10,"minecraft:diorite":12,"minecraft:skeleton_skull":1,"minecraft:seagrass":1,"minecraft:repeater":5,"minecraft:coarse_dirt":4,"minecraft:acacia_fence_gate":1,"biomesoplenty:mahogany_log":96,"minecraft:creeper_head":1,"minecraft:yellow_bed":1,"minecraft:tnt":14,"minecraft:stone_brick_stairs":4,"minecraft:grass":31,"minecraft:coal_ore":32,"minecraft:oak_log":66,"minecraft:gravel":16,"minecraft:dirt":44,"twigs:rhyolite":47,"minecraft:acacia_planks":1,"minecraft:stone_bricks":42,"minecraft:oak_leaves":4,"minecraft:deepslate":25,"minecraft:fern":7},"minecraft:killed":{"minecraft:vindicator":2,"alexsmobs:raccoon":1,"minecraft:spider":1,"minecraft:skeleton":2,"minecraft:guardian":4,"minecraft:sheep":4,"minecraft:pillager":1,"minecraft:zombie":1,"alexsmobs:fly":1,"alexsmobs:crow":2,"minecraft:cow":6},"minecraft:crafted":{"minecraft:oak_planks":4,"minecraft:furnace":1,"minecraft:iron_boots":2,"minecraft:iron_axe":1,"backpacked:backpack":1,"minecraft:dark_oak_planks":116,"minecraft:wheat":369,"minecraft:cooked_beef":13,"blue_skies:blue_journal":2,"minecraft:crafting_table":2,"minecraft:iron_helmet":1,"farmersdelight:beef_patty":2,"minecraft:bread":105,"minecraft:acacia_boat":1,"minecraft:air":0,"minecraft:iron_chestplate":1,"minecraft:iron_ingot":73,"minecraft:iron_pickaxe":2,"minecraft:gold_ingot":9,"minecraft:iron_leggings":2,"minecraft:acacia_planks":52,"minecraft:torch":4,"minecraft:shears":1},"minecraft:dropped":{"farmersdelight:tomato_seeds":6,"minecraft:enchanted_book":1,"minecraft:bread":50,"minecraft:wheat_seeds":4,"minecraft:crossbow":1,"minecraft:iron_helmet":1,"minecraft:stick":2,"minecraft:dirt":1,"blue_skies:blue_journal":1,"minecraft:milk_bucket":1,"alexsmobs:leafcutter_ant_chamber":2,"minecraft:mutton":5,"backpacked:backpack":1,"minecraft:iron_leggings":1,"delightful:acorn":5,"minecraft:acacia_fence_gate":1,"minecraft:dark_oak_planks":2,"oceansdelight:guardian":1,"twigs:twig":13,"minecraft:dandelion":1,"minecraft:furnace":1,"minecraft:creeper_head":1,"minecraft:kelp":2,"alexsmobs:maggot":1,"twigs:petrified_lichen":1,"crabbersdelight:shrimp":1,"minecraft:iron_boots":1,"minecraft:leather_chestplate":1,"supplementaries:flax_seeds":8,"minecraft:shield":1,"minecraft:spruce_trapdoor":1,"minecraft:iron_chestplate":1,"minecraft:beetroot_seeds":15,"minecraft:leather_boots":1,"minecraft:acacia_sapling":12,"minecraft:oak_sapling":20,"minecraft:bow":4,"biomesoplenty:mahogany_sapling":10},"minecraft:used":{"minecraft:spruce_planks":2,"minecraft:dried_kelp_block":1,"minecraft:torch":28,"minecraft:dirt":42,"twigs:rhyolite":8,"minecraft:spruce_fence":3,"minecraft:dark_oak_planks":118,"minecraft:lava_bucket":1,"minecraft:iron_axe":309,"minecraft:iron_helmet":2,"minecraft:iron_boots":1,"minecraft:bow":4,"minecraft:dark_oak_boat":1,"supplementaries:ash":1,"minecraft:furnace":2,"minecraft:goat_horn":14,"minecraft:cooked_beef":2,"minecraft:acacia_planks":78,"minecraft:pumpkin":3,"minecraft:iron_leggings":1,"minecraft:acacia_boat":1,"minecraft:water_bucket":8,"minecraft:stone_pickaxe":15,"minecraft:oak_planks":42,"minecraft:white_wool":3,"minecraft:crafting_table":7,"minecraft:red_bed":5,"minecraft:crossbow":7,"minecraft:apple":4,"minecraft:dark_oak_log":1,"minecraft:melon_slice":2,"minecraft:bread":19,"minecraft:iron_pickaxe":496,"minecraft:cobblestone":3,"minecraft:smithing_table":2,"minecraft:bucket":9,"alexsmobs:animal_dictionary":1,"minecraft:coarse_dirt":9,"minecraft:experience_bottle":4},"minecraft:picked_up":{"minecraft:crafting_table":4,"minecraft:coarse_dirt":3,"twigs:petrified_lichen":1,"minecraft:creeper_head":1,"minecraft:prismarine_shard":2,"minecraft:smithing_table":2,"minecraft:stone_brick_stairs":5,"minecraft:raw_copper":6,"minecraft:string":2,"minecraft:red_bed":6,"minecraft:sticky_piston":4,"minecraft:item_frame":8,"minecraft:cobbled_deepslate":23,"minecraft:bucket":1,"delightful:acorn":5,"minecraft:spruce_planks":2,"minecraft:beef":13,"minecraft:acacia_fence_gate":1,"minecraft:redstone_torch":4,"minecraft:melon_slice":21,"delightful:green_tea_leaf":1,"minecraft:spruce_trapdoor":1,"minecraft:furnace":2,"minecraft:raw_iron":57,"minecraft:torch":18,"minecraft:acacia_log":3,"minecraft:spruce_fence":11,"minecraft:redstone":76,"minecraft:prismarine_crystals":1,"minecraft:stone_pressure_plate":3,"minecraft:dark_oak_planks":5,"minecraft:tnt":14,"minecraft:arrow":4,"minecraft:rotten_flesh":5,"minecraft:beetroot_seeds":10,"biomesoplenty:mahogany_sapling":10,"minecraft:hay_block":41,"minecraft:stripped_dark_oak_wood":9,"supplementaries:ash":1,"minecraft:mutton":5,"minecraft:skeleton_skull":1,"minecraft:white_wool":14,"minecraft:cobblestone":147,"minecraft:feather":1,"minecraft:repeater":6,"minecraft:leather_chestplate":1,"minecraft:cooked_beef":2,"minecraft:leather":2,"minecraft:dark_oak_boat":2,"minecraft:smoker":1,"oceansdelight:guardian":2,"minecraft:oak_log":65,"minecraft:yellow_bed":1,"minecraft:lapis_lazuli":13,"minecraft:dirt":43,"minecraft:white_banner":2,"minecraft:leather_boots":1,"minecraft:bone":2,"minecraft:acacia_planks":28,"minecraft:stone_bricks":49,"minecraft:kelp":2,"minecraft:bow":3,"minecraft:wheat_seeds":6,"minecraft:raw_gold":7,"minecraft:fletching_table":1,"twigs:twig":15,"minecraft:oak_planks":5,"minecraft:acacia_sapling":2,"minecraft:book":6,"minecraft:bamboo_fence":2,"minecraft:dark_oak_slab":1,"minecraft:pumpkin":3,"minecraft:chiseled_stone_bricks":5,"minecraft:gravel":34,"minecraft:dandelion":1,"minecraft:dark_oak_log":10,"biomesoplenty:mahogany_log":88,"minecraft:dried_kelp_block":1,"minecraft:diamond":1,"minecraft:crossbow":1,"minecraft:granite":11,"minecraft:gray_wool":2,"minecraft:emerald":2,"alexsmobs:maggot":1,"minecraft:oak_sapling":20,"twigs:rhyolite":46,"crabbersdelight:shrimp":1,"minecraft:coal":46}},"DataVersion":3465}