{"stats":{"minecraft:killed_by":{"minecraft:creeper":1},"minecraft:custom":{"minecraft:interact_with_smithing_table":2,"minecraft:mob_kills":21,"minecraft:interact_with_crafting_table":8,"minecraft:open_barrel":13,"minecraft:leave_game":3,"minecraft:time_since_death":19804,"minecraft:climb_one_cm":1020,"minecraft:sprint_one_cm":140356,"minecraft:walk_one_cm":127605,"minecraft:drop":26,"minecraft:play_noteblock":2,"minecraft:talked_to_villager":3,"minecraft:play_time":86020,"minecraft:deaths":1,"minecraft:sneak_time":10422,"minecraft:walk_under_water_one_cm":23688,"minecraft:boat_one_cm":310024,"minecraft:jump":1144,"minecraft:walk_on_water_one_cm":30100,"minecraft:total_world_time":86020,"minecraft:interact_with_furnace":1,"minecraft:tune_noteblock":1,"minecraft:sleep_in_bed":1,"minecraft:time_since_rest":19833,"minecraft:damage_taken":1078,"minecraft:damage_dealt":3062,"minecraft:swim_one_cm":12382,"minecraft:fly_one_cm":233698,"minecraft:open_chest":28,"minecraft:crouch_one_cm":32953,"minecraft:fall_one_cm":29033},"minecraft:broken":{"minecraft:stone_pickaxe":1,"minecraft:iron_axe":1},"minecraft:mined":{"minecraft:dark_oak_planks":6,"minecraft:dark_prismarine":1,"minecraft:diamond_ore":1,"minecraft:spruce_planks":2,"minecraft:dark_oak_log":10,"minecraft:granite":1,"minecraft:acacia_log":3,"minecraft:grass_block":12,"minecraft:spruce_fence":3,"minecraft:kelp":2,"minecraft:hay_block":42,"minecraft:iron_ore":10,"minecraft:acacia_wood":2,"minecraft:pumpkin":4,"minecraft:fletching_table":1,"minecraft:stripped_dark_oak_wood":9,"minecraft:bookshelf":2,"minecraft:vine":5,"minecraft:stone":15,"minecraft:white_wool":2,"minecraft:smithing_table":2,"minecraft:acacia_leaves":1,"minecraft:red_bed":4,"minecraft:smoker":1,"minecraft:dandelion":1,"delightful:pumpkin_pie":1,"minecraft:emerald_ore":2,"minecraft:melon":5,"minecraft:tall_grass":6,"minecraft:lapis_ore":2,"minecraft:prismarine":2,"minecraft:oak_planks":7,"minecraft:skeleton_skull":1,"minecraft:seagrass":1,"minecraft:coarse_dirt":4,"minecraft:acacia_fence_gate":1,"minecraft:creeper_head":1,"minecraft:tnt":14,"minecraft:grass":20,"minecraft:coal_ore":32,"minecraft:oak_log":5,"minecraft:dirt":31,"minecraft:acacia_planks":1,"minecraft:oak_leaves":2,"minecraft:fern":4},"minecraft:killed":{"alexsmobs:raccoon":1,"minecraft:spider":1,"minecraft:skeleton":2,"minecraft:guardian":4,"minecraft:sheep":4,"minecraft:zombie":1,"alexsmobs:fly":1,"alexsmobs:crow":1,"minecraft:cow":6},"minecraft:crafted":{"minecraft:furnace":1,"backpacked:backpack":1,"minecraft:dark_oak_planks":116,"minecraft:wheat":369,"minecraft:crafting_table":1,"minecraft:bread":105,"minecraft:acacia_boat":1,"minecraft:acacia_planks":52},"minecraft:dropped":{"farmersdelight:tomato_seeds":6,"minecraft:enchanted_book":1,"minecraft:bread":50,"minecraft:wheat_seeds":4,"minecraft:crossbow":1,"backpacked:backpack":1,"minecraft:acacia_fence_gate":1,"oceansdelight:guardian":1,"minecraft:dandelion":1,"minecraft:creeper_head":1,"minecraft:kelp":2,"alexsmobs:maggot":1,"crabbersdelight:shrimp":1,"supplementaries:flax_seeds":8,"minecraft:spruce_trapdoor":1,"minecraft:beetroot_seeds":15,"minecraft:acacia_sapling":12,"minecraft:oak_sapling":3,"minecraft:bow":1},"minecraft:used":{"minecraft:spruce_planks":2,"minecraft:dried_kelp_block":1,"minecraft:torch":6,"minecraft:dirt":17,"minecraft:dark_oak_planks":118,"minecraft:lava_bucket":1,"minecraft:iron_axe":108,"minecraft:iron_helmet":2,"minecraft:bow":4,"minecraft:dark_oak_boat":1,"minecraft:furnace":1,"minecraft:goat_horn":12,"minecraft:cooked_beef":2,"minecraft:acacia_planks":78,"minecraft:pumpkin":3,"minecraft:acacia_boat":1,"minecraft:water_bucket":1,"minecraft:stone_pickaxe":15,"minecraft:oak_planks":42,"minecraft:white_wool":3,"minecraft:crafting_table":3,"minecraft:crossbow":1,"minecraft:apple":4,"minecraft:dark_oak_log":1,"minecraft:melon_slice":2,"minecraft:bread":4,"minecraft:iron_pickaxe":72,"minecraft:cobblestone":1,"minecraft:smithing_table":2,"minecraft:bucket":1,"minecraft:coarse_dirt":9},"minecraft:picked_up":{"minecraft:crafting_table":1,"minecraft:coarse_dirt":3,"minecraft:creeper_head":1,"minecraft:prismarine_shard":2,"minecraft:smithing_table":2,"minecraft:string":2,"minecraft:red_bed":3,"minecraft:item_frame":8,"minecraft:spruce_planks":2,"minecraft:beef":13,"minecraft:acacia_fence_gate":1,"minecraft:melon_slice":21,"delightful:green_tea_leaf":1,"minecraft:spruce_trapdoor":1,"minecraft:raw_iron":10,"minecraft:torch":3,"minecraft:acacia_log":3,"minecraft:spruce_fence":2,"minecraft:prismarine_crystals":1,"minecraft:dark_oak_planks":4,"minecraft:tnt":14,"minecraft:arrow":2,"minecraft:rotten_flesh":2,"minecraft:beetroot_seeds":10,"minecraft:hay_block":41,"minecraft:stripped_dark_oak_wood":9,"minecraft:mutton":5,"minecraft:skeleton_skull":1,"minecraft:white_wool":6,"minecraft:cobblestone":10,"minecraft:cooked_beef":2,"minecraft:leather":2,"minecraft:dark_oak_boat":1,"minecraft:smoker":1,"oceansdelight:guardian":2,"minecraft:oak_log":5,"minecraft:lapis_lazuli":13,"minecraft:dirt":36,"minecraft:white_banner":1,"minecraft:acacia_planks":28,"minecraft:kelp":2,"minecraft:wheat_seeds":6,"minecraft:fletching_table":1,"twigs:twig":2,"minecraft:oak_planks":5,"minecraft:acacia_sapling":2,"minecraft:book":6,"minecraft:dark_oak_slab":1,"minecraft:pumpkin":3,"minecraft:dandelion":1,"minecraft:dark_oak_log":10,"minecraft:dried_kelp_block":1,"minecraft:diamond":1,"minecraft:crossbow":1,"minecraft:granite":1,"minecraft:emerald":2,"alexsmobs:maggot":1,"minecraft:oak_sapling":3,"crabbersdelight:shrimp":1,"minecraft:coal":29}},"DataVersion":3465}