{"stats":{"minecraft:mined":{"minecraft:smithing_table":2,"minecraft:dark_prismarine":1,"minecraft:acacia_leaves":1,"minecraft:red_bed":4,"minecraft:smoker":1,"delightful:pumpkin_pie":1,"minecraft:melon":5,"minecraft:tall_grass":5,"minecraft:prismarine":2,"minecraft:kelp":2,"minecraft:hay_block":26,"minecraft:seagrass":1,"minecraft:coarse_dirt":4,"minecraft:acacia_fence_gate":1,"minecraft:acacia_wood":2,"minecraft:pumpkin":4,"minecraft:tnt":14,"minecraft:fletching_table":1,"minecraft:grass":11,"minecraft:coal_ore":12,"minecraft:oak_log":5,"minecraft:stone":1},"minecraft:killed":{"alexsmobs:raccoon":1,"minecraft:spider":1,"minecraft:sheep":4,"minecraft:skeleton":1,"minecraft:guardian":4,"minecraft:zombie":1,"alexsmobs:crow":1,"alexsmobs:fly":1,"minecraft:cow":6},"minecraft:broken":{"minecraft:stone_pickaxe":1},"minecraft:crafted":{"backpacked:backpack":1,"minecraft:acacia_planks":40,"minecraft:wheat":36},"minecraft:used":{"minecraft:stone_pickaxe":15,"minecraft:oak_planks":37,"minecraft:torch":6,"minecraft:apple":1,"minecraft:dark_oak_log":1,"minecraft:iron_axe":97,"minecraft:melon_slice":2,"minecraft:iron_pickaxe":3,"minecraft:iron_helmet":1,"minecraft:cobblestone":1,"minecraft:bow":4,"minecraft:cooked_beef":2,"minecraft:coarse_dirt":9,"minecraft:acacia_planks":75},"minecraft:picked_up":{"minecraft:coarse_dirt":3,"minecraft:cooked_beef":2,"minecraft:prismarine_shard":2,"minecraft:leather":2,"minecraft:smithing_table":2,"minecraft:smoker":1,"oceansdelight:guardian":2,"minecraft:oak_log":5,"minecraft:string":2,"minecraft:red_bed":3,"minecraft:item_frame":7,"minecraft:acacia_planks":27,"minecraft:kelp":2,"minecraft:wheat_seeds":2,"minecraft:beef":13,"minecraft:acacia_fence_gate":1,"minecraft:fletching_table":1,"twigs:twig":2,"minecraft:melon_slice":21,"delightful:green_tea_leaf":1,"minecraft:acacia_sapling":2,"minecraft:spruce_trapdoor":1,"minecraft:pumpkin":3,"minecraft:torch":1,"minecraft:prismarine_crystals":1,"minecraft:tnt":13,"minecraft:arrow":2,"minecraft:rotten_flesh":2,"minecraft:hay_block":24,"minecraft:crossbow":1,"minecraft:oak_sapling":3,"alexsmobs:maggot":1,"minecraft:mutton":5,"minecraft:coal":9,"minecraft:white_wool":4,"minecraft:cobblestone":1},"minecraft:custom":{"minecraft:mob_kills":20,"minecraft:interact_with_crafting_table":4,"minecraft:open_barrel":1,"minecraft:leave_game":2,"minecraft:time_since_death":37796,"minecraft:sleep_in_bed":1,"minecraft:climb_one_cm":402,"minecraft:time_since_rest":17015,"minecraft:sprint_one_cm":74954,"minecraft:damage_taken":620,"minecraft:walk_one_cm":63929,"minecraft:drop":4,"minecraft:damage_dealt":2871,"minecraft:swim_one_cm":4209,"minecraft:talked_to_villager":2,"minecraft:fly_one_cm":157837,"minecraft:open_chest":13,"minecraft:crouch_one_cm":13189,"minecraft:play_time":37796,"minecraft:sneak_time":2412,"minecraft:walk_under_water_one_cm":4349,"minecraft:jump":619,"minecraft:walk_on_water_one_cm":21231,"minecraft:total_world_time":37796,"minecraft:fall_one_cm":18792},"minecraft:dropped":{"minecraft:bread":9,"minecraft:wheat_seeds":1,"backpacked:backpack":1,"oceansdelight:guardian":1}},"DataVersion":3465}