{"stats":{"minecraft:mined":{"minecraft:dark_oak_planks":4,"minecraft:smithing_table":2,"minecraft:dark_prismarine":1,"minecraft:diamond_ore":1,"minecraft:acacia_leaves":1,"minecraft:spruce_planks":2,"minecraft:red_bed":4,"minecraft:smoker":1,"minecraft:dark_oak_log":10,"minecraft:dandelion":1,"delightful:pumpkin_pie":1,"minecraft:emerald_ore":2,"minecraft:grass_block":12,"minecraft:spruce_fence":3,"minecraft:melon":5,"minecraft:tall_grass":5,"minecraft:lapis_ore":2,"minecraft:oak_planks":7,"minecraft:prismarine":2,"minecraft:kelp":2,"minecraft:skeleton_skull":1,"minecraft:hay_block":42,"minecraft:seagrass":1,"minecraft:coarse_dirt":4,"minecraft:acacia_fence_gate":1,"minecraft:iron_ore":2,"minecraft:creeper_head":1,"minecraft:acacia_wood":2,"minecraft:pumpkin":4,"minecraft:tnt":14,"minecraft:stripped_dark_oak_wood":9,"minecraft:fletching_table":1,"minecraft:grass":14,"minecraft:vine":5,"minecraft:bookshelf":2,"minecraft:coal_ore":14,"minecraft:oak_log":5,"minecraft:dirt":31,"minecraft:acacia_planks":1,"minecraft:stone":11},"minecraft:killed":{"alexsmobs:raccoon":1,"minecraft:spider":1,"minecraft:sheep":4,"minecraft:skeleton":1,"minecraft:guardian":4,"minecraft:zombie":1,"alexsmobs:crow":1,"alexsmobs:fly":1,"minecraft:cow":6},"minecraft:broken":{"minecraft:stone_pickaxe":1,"minecraft:iron_axe":1},"minecraft:crafted":{"minecraft:bread":105,"backpacked:backpack":1,"minecraft:acacia_planks":40,"minecraft:dark_oak_planks":116,"minecraft:wheat":369},"minecraft:used":{"minecraft:stone_pickaxe":15,"minecraft:oak_planks":42,"minecraft:spruce_planks":2,"minecraft:dried_kelp_block":1,"minecraft:white_wool":1,"minecraft:torch":6,"minecraft:dirt":17,"minecraft:crafting_table":1,"minecraft:dark_oak_planks":118,"minecraft:lava_bucket":1,"minecraft:apple":4,"minecraft:dark_oak_log":1,"minecraft:bread":1,"minecraft:iron_axe":108,"minecraft:melon_slice":2,"minecraft:iron_pickaxe":36,"minecraft:iron_helmet":2,"minecraft:cobblestone":1,"minecraft:bow":4,"minecraft:goat_horn":7,"minecraft:smithing_table":2,"minecraft:bucket":1,"minecraft:cooked_beef":2,"minecraft:coarse_dirt":9,"minecraft:acacia_planks":76,"minecraft:pumpkin":3},"minecraft:picked_up":{"minecraft:coarse_dirt":3,"minecraft:cooked_beef":2,"minecraft:creeper_head":1,"minecraft:prismarine_shard":2,"minecraft:leather":2,"minecraft:smithing_table":2,"minecraft:smoker":1,"oceansdelight:guardian":2,"minecraft:oak_log":5,"minecraft:lapis_lazuli":13,"minecraft:dirt":36,"minecraft:string":2,"minecraft:red_bed":3,"minecraft:white_banner":1,"minecraft:item_frame":8,"minecraft:acacia_planks":28,"minecraft:kelp":2,"minecraft:wheat_seeds":4,"minecraft:spruce_planks":2,"minecraft:beef":13,"minecraft:acacia_fence_gate":1,"minecraft:fletching_table":1,"twigs:twig":2,"minecraft:melon_slice":21,"delightful:green_tea_leaf":1,"minecraft:oak_planks":5,"minecraft:acacia_sapling":2,"minecraft:spruce_trapdoor":1,"minecraft:book":6,"minecraft:raw_iron":2,"minecraft:dark_oak_slab":1,"minecraft:pumpkin":3,"minecraft:torch":3,"minecraft:dandelion":1,"minecraft:spruce_fence":2,"minecraft:dark_oak_log":10,"minecraft:prismarine_crystals":1,"minecraft:dark_oak_planks":2,"minecraft:tnt":14,"minecraft:dried_kelp_block":1,"minecraft:arrow":2,"minecraft:rotten_flesh":2,"minecraft:diamond":1,"minecraft:beetroot_seeds":10,"minecraft:hay_block":41,"minecraft:crossbow":1,"minecraft:stripped_dark_oak_wood":9,"minecraft:emerald":2,"minecraft:oak_sapling":3,"alexsmobs:maggot":1,"minecraft:skeleton_skull":1,"minecraft:mutton":5,"minecraft:coal":11,"minecraft:white_wool":4,"minecraft:cobblestone":7},"minecraft:custom":{"minecraft:interact_with_smithing_table":2,"minecraft:mob_kills":20,"minecraft:interact_with_crafting_table":6,"minecraft:tune_noteblock":1,"minecraft:open_barrel":12,"minecraft:leave_game":2,"minecraft:time_since_death":61796,"minecraft:sleep_in_bed":1,"minecraft:climb_one_cm":402,"minecraft:time_since_rest":41015,"minecraft:sprint_one_cm":106373,"minecraft:damage_taken":630,"minecraft:walk_one_cm":92343,"minecraft:drop":22,"minecraft:damage_dealt":2871,"minecraft:play_noteblock":2,"minecraft:swim_one_cm":6517,"minecraft:talked_to_villager":2,"minecraft:fly_one_cm":166269,"minecraft:open_chest":22,"minecraft:crouch_one_cm":30167,"minecraft:play_time":61796,"minecraft:sneak_time":9675,"minecraft:walk_under_water_one_cm":21893,"minecraft:boat_one_cm":29714,"minecraft:jump":834,"minecraft:walk_on_water_one_cm":25814,"minecraft:total_world_time":61796,"minecraft:fall_one_cm":19963},"minecraft:dropped":{"minecraft:bread":50,"minecraft:creeper_head":1,"minecraft:kelp":2,"alexsmobs:maggot":1,"minecraft:wheat_seeds":2,"minecraft:crossbow":1,"supplementaries:flax_seeds":8,"minecraft:beetroot_seeds":15,"backpacked:backpack":1,"minecraft:acacia_sapling":12,"minecraft:oak_sapling":3,"minecraft:acacia_fence_gate":1,"minecraft:bow":1,"farmersdelight:tomato_seeds":6,"oceansdelight:guardian":1,"minecraft:dandelion":1,"minecraft:enchanted_book":1}},"DataVersion":3465}