{"stats":{"minecraft:mined":{"minecraft:dark_oak_planks":6,"minecraft:spruce_planks":2,"minecraft:stone_pressure_plate":4,"minecraft:cobblestone_stairs":1,"minecraft:jungle_leaves":1,"minecraft:granite":11,"minecraft:acacia_log":3,"minecraft:grass_block":166,"minecraft:chiseled_stone_bricks":4,"minecraft:mossy_cobblestone_stairs":1,"minecraft:iron_ore":42,"minecraft:sticky_piston":4,"minecraft:cobbled_deepslate":1,"biomesoplenty:lavender":1,"minecraft:pumpkin":4,"minecraft:fletching_table":1,"blue_skies:lunar_stonebrick":1,"minecraft:stripped_dark_oak_wood":9,"diagonalfences:minecraft/spruce_fence":3,"minecraft:potted_cornflower":1,"minecraft:tripwire":3,"minecraft:green_bed":1,"minecraft:deepslate_redstone_ore":9,"minecraft:brown_mushroom":2,"minecraft:red_bed":7,"blue_skies:turquoise_stonebrick":1,"minecraft:smoker":1,"minecraft:torch":8,"minecraft:light_gray_terracotta":1,"delightful:pumpkin_pie":1,"minecraft:melon":5,"everycomp:q/biomesoplenty/mahogany_chest":7,"minecraft:cobblestone":20,"minecraft:prismarine":2,"minecraft:oak_planks":7,"minecraft:wall_torch":10,"minecraft:skeleton_skull":1,"minecraft:seagrass":1,"minecraft:repeater":5,"minecraft:tnt":14,"minecraft:stone_brick_stairs":4,"minecraft:grass":330,"minecraft:oak_log":66,"minecraft:dirt":50,"twigs:rhyolite":47,"minecraft:potted_red_tulip":1,"minecraft:oak_leaves":4,"minecraft:deepslate":25,"minecraft:dark_prismarine":1,"minecraft:diamond_ore":1,"minecraft:mossy_cobblestone":15,"minecraft:bamboo_fence":2,"minecraft:dark_oak_log":10,"minecraft:spruce_fence":9,"minecraft:redstone_wire":7,"minecraft:spruce_leaves":2,"minecraft:kelp":2,"minecraft:large_fern":1,"minecraft:hay_block":42,"minecraft:furnace":3,"minecraft:snow":546,"minecraft:acacia_wood":2,"minecraft:bookshelf":2,"biomesoplenty:high_grass":1,"minecraft:deepslate_iron_ore":16,"minecraft:vine":5,"minecraft:lantern":1,"biomesoplenty:spider_egg":1,"minecraft:stone":171,"minecraft:white_wool":2,"minecraft:smithing_table":2,"minecraft:acacia_leaves":1,"minecraft:glass_pane":1,"minecraft:potted_lily_of_the_valley":1,"minecraft:brown_carpet":9,"minecraft:dandelion":1,"minecraft:crafting_table":5,"minecraft:emerald_ore":2,"biomesoplenty:mahogany_planks":5,"biomesoplenty:high_grass_plant":4,"minecraft:tall_grass":17,"minecraft:copper_ore":2,"biomesoplenty:sprout":3,"minecraft:lapis_ore":2,"minecraft:deepslate_gold_ore":7,"minecraft:diorite":12,"minecraft:coarse_dirt":4,"minecraft:acacia_fence_gate":1,"biomesoplenty:mahogany_log":96,"minecraft:creeper_head":1,"minecraft:yellow_bed":2,"minecraft:coal_ore":32,"minecraft:gravel":16,"minecraft:cracked_stone_bricks":1,"minecraft:acacia_planks":1,"minecraft:stone_bricks":54,"minecraft:mossy_stone_bricks":2,"minecraft:fern":10},"minecraft:broken":{"minecraft:iron_shovel":2,"minecraft:stone_pickaxe":1,"minecraft:iron_axe":2,"minecraft:iron_pickaxe":1},"minecraft:killed":{"minecraft:cave_spider":3,"minecraft:spider":2,"minecraft:skeleton":3,"minecraft:guardian":4,"minecraft:creeper":2,"minecraft:sheep":4,"minecraft:pillager":1,"minecraft:zombie":7,"alexsmobs:fly":1,"minecraft:cow":6,"alexsmobs:raccoon":1,"minecraft:vindicator":2,"alexsmobs:crow":2},"minecraft:used":{"minecraft:iron_shovel":743,"minecraft:snowball":125,"minecraft:lava_bucket":4,"blue_skies:lunar_stonebrick":1,"minecraft:iron_helmet":2,"minecraft:item_frame":2,"minecraft:bow":4,"minecraft:dark_oak_boat":1,"supplementaries:ash":1,"minecraft:furnace":2,"minecraft:mossy_stone_bricks":1,"minecraft:stone_pickaxe":15,"minecraft:oak_planks":42,"blue_skies:turquoise_stonebrick":1,"minecraft:white_wool":3,"minecraft:light_gray_terracotta":1,"minecraft:crossbow":16,"minecraft:dark_oak_log":1,"minecraft:melon_slice":2,"minecraft:bread":51,"minecraft:smithing_table":2,"minecraft:coarse_dirt":9,"minecraft:experience_bottle":4,"biomesoplenty:mahogany_planks":5,"minecraft:spruce_planks":2,"everycomp:q/biomesoplenty/mahogany_chest":17,"minecraft:dried_kelp_block":1,"minecraft:torch":32,"minecraft:dirt":43,"twigs:rhyolite":46,"minecraft:spruce_fence":3,"minecraft:dark_oak_planks":118,"minecraft:iron_axe":348,"minecraft:iron_boots":1,"minecraft:goat_horn":20,"minecraft:cooked_beef":2,"minecraft:cobbled_deepslate":23,"minecraft:acacia_planks":78,"minecraft:pumpkin":3,"minecraft:iron_leggings":1,"minecraft:acacia_boat":1,"minecraft:water_bucket":50,"minecraft:green_bed":1,"minecraft:crafting_table":8,"minecraft:red_bed":6,"minecraft:apple":4,"minecraft:iron_pickaxe":561,"minecraft:cobblestone":12,"minecraft:bucket":53,"minecraft:yellow_bed":2,"alexsmobs:animal_dictionary":1},"minecraft:crafted":{"minecraft:oak_planks":4,"minecraft:iron_boots":2,"blue_skies:blue_journal":2,"minecraft:crafting_table":3,"minecraft:iron_helmet":1,"farmersdelight:beef_patty":2,"minecraft:iron_chestplate":1,"minecraft:stick":28,"minecraft:iron_ingot":73,"minecraft:iron_pickaxe":2,"minecraft:snow_block":16,"minecraft:gold_ingot":9,"minecraft:shears":1,"biomesoplenty:mahogany_planks":352,"minecraft:furnace":1,"minecraft:iron_axe":1,"backpacked:backpack":1,"minecraft:dark_oak_planks":116,"minecraft:wheat":369,"minecraft:cooked_beef":13,"everycomp:q/biomesoplenty/mahogany_chest":11,"minecraft:bread":105,"minecraft:acacia_boat":1,"minecraft:air":0,"minecraft:iron_shovel":4,"minecraft:iron_leggings":2,"minecraft:acacia_planks":52,"minecraft:torch":4},"minecraft:picked_up":{"minecraft:iron_chestplate":2,"minecraft:creeper_head":1,"minecraft:flower_pot":3,"minecraft:prismarine_shard":2,"minecraft:smithing_table":2,"minecraft:stone_brick_stairs":5,"minecraft:string":12,"minecraft:raw_copper":6,"minecraft:iron_leggings":2,"everycomp:q/biomesoplenty/mahogany_chest":7,"minecraft:sticky_piston":4,"minecraft:cobbled_deepslate":23,"minecraft:bucket":1,"minecraft:spruce_planks":2,"delightful:acorn":5,"minecraft:acacia_fence_gate":1,"minecraft:redstone_torch":4,"minecraft:melon_slice":21,"delightful:green_tea_leaf":1,"minecraft:iron_boots":2,"minecraft:furnace":3,"minecraft:acacia_log":3,"minecraft:torch":22,"minecraft:green_bed":1,"minecraft:goat_horn":1,"minecraft:brown_carpet":3,"minecraft:rotten_flesh":10,"biomesoplenty:mahogany_sapling":10,"minecraft:red_tulip":1,"supplementaries:ash":1,"minecraft:snowball":500,"minecraft:cobblestone":162,"minecraft:leather_chestplate":1,"minecraft:feather":3,"minecraft:cooked_beef":2,"minecraft:repeater":6,"minecraft:dark_oak_boat":2,"minecraft:smoker":1,"minecraft:lantern":1,"minecraft:lapis_lazuli":13,"minecraft:dirt":201,"minecraft:leather_boots":1,"minecraft:bone":2,"minecraft:acacia_planks":28,"minecraft:bow":3,"minecraft:wheat_seeds":124,"minecraft:raw_gold":7,"minecraft:mossy_stone_bricks":1,"minecraft:fletching_table":1,"twigs:twig":15,"biomesoplenty:mahogany_planks":61,"minecraft:oak_planks":5,"minecraft:lily_of_the_valley":1,"minecraft:dark_oak_log":10,"minecraft:mossy_cobblestone":15,"minecraft:light_gray_terracotta":1,"minecraft:diamond":1,"minecraft:crossbow":1,"minecraft:granite":11,"blue_skies:turquoise_stonebrick":36,"minecraft:emerald":2,"alexsmobs:maggot":1,"minecraft:oak_sapling":20,"twigs:rhyolite":46,"crabbersdelight:shrimp":1,"twigs:petrified_lichen":1,"minecraft:coarse_dirt":3,"minecraft:crafting_table":5,"minecraft:brown_mushroom":2,"minecraft:cornflower":1,"minecraft:red_bed":6,"minecraft:item_frame":9,"minecraft:beef":13,"minecraft:spruce_trapdoor":1,"minecraft:raw_iron":57,"minecraft:spruce_fence":11,"minecraft:redstone":76,"minecraft:prismarine_crystals":1,"minecraft:stone_pressure_plate":3,"minecraft:dark_oak_planks":5,"minecraft:tnt":14,"minecraft:arrow":6,"minecraft:beetroot_seeds":10,"minecraft:hay_block":41,"minecraft:stripped_dark_oak_wood":9,"minecraft:mutton":5,"minecraft:skeleton_skull":1,"minecraft:white_wool":22,"minecraft:leather":2,"oceansdelight:guardian":2,"minecraft:oak_log":65,"minecraft:yellow_bed":3,"minecraft:white_banner":2,"minecraft:stone_bricks":58,"minecraft:kelp":2,"blue_skies:lunar_stonebrick":36,"minecraft:acacia_sapling":2,"minecraft:book":8,"minecraft:dark_oak_slab":1,"minecraft:bamboo_fence":2,"minecraft:pumpkin":3,"minecraft:chiseled_stone_bricks":5,"minecraft:dandelion":1,"minecraft:spyglass":1,"minecraft:gravel":34,"minecraft:spider_eye":3,"biomesoplenty:mahogany_log":88,"minecraft:dried_kelp_block":1,"minecraft:iron_helmet":2,"minecraft:gray_wool":2,"minecraft:coal":46},"minecraft:custom":{"minecraft:interact_with_crafting_table":31,"minecraft:open_barrel":14,"goblintraders:trade_with_goblin":18,"minecraft:leave_game":4,"minecraft:time_since_death":185848,"minecraft:sprint_one_cm":569566,"minecraft:drop":79,"minecraft:play_noteblock":2,"minecraft:talked_to_villager":12,"minecraft:play_time":252064,"minecraft:deaths":1,"minecraft:jump":4878,"minecraft:walk_on_water_one_cm":58450,"minecraft:interact_with_furnace":39,"minecraft:traded_with_villager":2,"minecraft:sleep_in_bed":9,"minecraft:damage_dealt":5257,"minecraft:crouch_one_cm":50601,"minecraft:interact_with_smoker":8,"minecraft:inspect_dispenser":1,"minecraft:interact_with_smithing_table":2,"minecraft:mob_kills":38,"minecraft:climb_one_cm":4546,"minecraft:walk_one_cm":478515,"minecraft:sneak_time":16258,"minecraft:walk_under_water_one_cm":33022,"minecraft:boat_one_cm":310103,"minecraft:interact_with_lectern":1,"minecraft:total_world_time":252064,"minecraft:tune_noteblock":1,"minecraft:interact_with_grindstone":1,"minecraft:time_since_rest":14224,"minecraft:damage_taken":2361,"minecraft:swim_one_cm":23121,"minecraft:fly_one_cm":1033688,"minecraft:open_chest":97,"minecraft:fall_one_cm":134605},"minecraft:killed_by":{"minecraft:creeper":1},"minecraft:dropped":{"minecraft:brown_mushroom":1,"blue_skies:lunar_stonebrick":11,"minecraft:baked_potato":2,"minecraft:crossbow":1,"biomesoplenty:mahogany_planks":28,"minecraft:dirt":1,"blue_skies:blue_journal":1,"minecraft:mutton":5,"backpacked:backpack":1,"minecraft:acacia_fence_gate":1,"minecraft:dark_oak_planks":2,"twigs:twig":13,"minecraft:gravel":34,"minecraft:goat_horn":1,"crabbersdelight:shrimp":1,"minecraft:rotten_flesh":5,"minecraft:leather_chestplate":1,"supplementaries:flax_seeds":8,"minecraft:beetroot_seeds":15,"minecraft:leather_boots":1,"minecraft:acacia_sapling":12,"biomesoplenty:mahogany_sapling":10,"minecraft:enchanted_book":1,"farmersdelight:tomato_seeds":6,"minecraft:bread":50,"minecraft:wheat_seeds":28,"minecraft:mossy_cobblestone":1,"minecraft:iron_helmet":2,"minecraft:feather":2,"minecraft:book":2,"minecraft:stick":2,"minecraft:milk_bucket":1,"alexsmobs:leafcutter_ant_chamber":2,"minecraft:iron_leggings":2,"delightful:acorn":5,"oceansdelight:guardian":1,"minecraft:dandelion":1,"minecraft:furnace":1,"blue_skies:turquoise_stonebrick":11,"minecraft:creeper_head":1,"minecraft:kelp":2,"alexsmobs:maggot":1,"twigs:petrified_lichen":1,"minecraft:iron_boots":2,"minecraft:shield":1,"minecraft:spruce_trapdoor":1,"minecraft:iron_chestplate":2,"minecraft:yellow_bed":1,"minecraft:oak_sapling":20,"minecraft:spider_eye":1,"minecraft:bow":4}},"DataVersion":3465}