{"stats":{"minecraft:dropped":{"minecraft:wheat_seeds":1},"minecraft:used":{"minecraft:coarse_dirt":3},"minecraft:mined":{"minecraft:grass":4,"minecraft:coarse_dirt":3},"minecraft:custom":{"minecraft:jump":41,"minecraft:time_since_rest":1511,"minecraft:sprint_one_cm":2503,"minecraft:play_time":1511,"minecraft:time_since_death":1511,"minecraft:walk_one_cm":1880,"minecraft:total_world_time":1511,"minecraft:drop":1,"minecraft:fall_one_cm":1463,"minecraft:fly_one_cm":11305},"minecraft:picked_up":{"minecraft:coarse_dirt":3,"minecraft:wheat_seeds":1}},"DataVersion":3465}