{"stats":{"minecraft:mined":{"minecraft:dark_prismarine":1,"minecraft:hay_block":5,"minecraft:acacia_leaves":1,"minecraft:coarse_dirt":4,"minecraft:red_bed":4,"minecraft:acacia_fence_gate":1,"minecraft:smoker":1,"minecraft:acacia_wood":2,"minecraft:pumpkin":4,"delightful:pumpkin_pie":1,"minecraft:grass":11,"minecraft:oak_log":5,"minecraft:coal_ore":12,"minecraft:melon":5,"minecraft:tall_grass":5,"minecraft:prismarine":2,"minecraft:stone":1},"minecraft:killed":{"minecraft:skeleton":1,"minecraft:guardian":1,"minecraft:zombie":1,"alexsmobs:raccoon":1,"minecraft:spider":1,"alexsmobs:fly":1,"alexsmobs:crow":1,"minecraft:cow":4},"minecraft:broken":{"minecraft:stone_pickaxe":1},"minecraft:crafted":{"backpacked:backpack":1},"minecraft:used":{"minecraft:apple":1,"minecraft:iron_axe":54,"minecraft:melon_slice":2,"minecraft:stone_pickaxe":15,"minecraft:iron_pickaxe":3,"minecraft:torch":4,"minecraft:cooked_beef":2,"minecraft:coarse_dirt":3},"minecraft:picked_up":{"minecraft:coarse_dirt":3,"minecraft:cooked_beef":2,"minecraft:pumpkin":3,"minecraft:leather":2,"minecraft:smoker":1,"minecraft:oak_log":5,"minecraft:string":2,"minecraft:red_bed":3,"minecraft:rotten_flesh":2,"minecraft:arrow":2,"minecraft:wheat_seeds":2,"minecraft:hay_block":4,"minecraft:acacia_fence_gate":1,"minecraft:beef":7,"minecraft:melon_slice":21,"alexsmobs:maggot":1,"minecraft:oak_sapling":3,"twigs:twig":2,"delightful:green_tea_leaf":1,"minecraft:acacia_sapling":2,"minecraft:coal":9,"minecraft:cobblestone":1},"minecraft:custom":{"minecraft:time_since_rest":5015,"minecraft:sprint_one_cm":62066,"minecraft:damage_taken":400,"minecraft:walk_one_cm":36446,"minecraft:mob_kills":11,"minecraft:drop":3,"minecraft:damage_dealt":1699,"minecraft:swim_one_cm":4209,"minecraft:interact_with_crafting_table":2,"minecraft:talked_to_villager":1,"minecraft:fly_one_cm":150444,"minecraft:open_chest":5,"minecraft:crouch_one_cm":614,"minecraft:play_time":25796,"minecraft:sneak_time":220,"minecraft:walk_under_water_one_cm":1394,"minecraft:jump":547,"minecraft:leave_game":2,"minecraft:time_since_death":25796,"minecraft:walk_on_water_one_cm":13858,"minecraft:sleep_in_bed":1,"minecraft:total_world_time":25796,"minecraft:fall_one_cm":17180},"minecraft:dropped":{"minecraft:bread":9,"minecraft:wheat_seeds":1,"backpacked:backpack":1}},"DataVersion":3465}