{"stats":{"minecraft:mined":{"minecraft:grass":6,"minecraft:acacia_leaves":1,"minecraft:oak_log":5,"minecraft:coarse_dirt":3,"minecraft:red_bed":1},"minecraft:killed":{"alexsmobs:fly":1},"minecraft:used":{"minecraft:coarse_dirt":3},"minecraft:picked_up":{"minecraft:coarse_dirt":3,"minecraft:wheat_seeds":1,"minecraft:oak_log":5,"alexsmobs:maggot":1,"minecraft:oak_sapling":3,"delightful:green_tea_leaf":1},"minecraft:custom":{"minecraft:open_chest":1,"minecraft:time_since_rest":10495,"minecraft:crouch_one_cm":4,"minecraft:play_time":10495,"minecraft:sprint_one_cm":15606,"minecraft:damage_taken":10,"minecraft:walk_one_cm":10314,"minecraft:sneak_time":5,"minecraft:mob_kills":1,"minecraft:drop":1,"minecraft:jump":161,"minecraft:damage_dealt":40,"minecraft:leave_game":2,"minecraft:walk_on_water_one_cm":295,"minecraft:time_since_death":10495,"minecraft:total_world_time":10495,"minecraft:fall_one_cm":5968,"minecraft:fly_one_cm":47599},"minecraft:dropped":{"minecraft:wheat_seeds":1}},"DataVersion":3465}